DATAFLOW,LAST UPDATE,freq,unit,nace_r2,s_adj,na_item,geo,TIME_PERIOD,OBS_VALUE,OBS_FLAG,CONF_STATUS
ESTAT:NAMQ_10_A10_E(1.0),31/01/25 11:00:00,Quarterly,Thousand hours worked,Total - all NACE activities,Seasonally and calendar adjusted data,Total employment domestic concept,Germany,1997-Q1,14279221,,
ESTAT:NAMQ_10_A10_E(1.0),31/01/25 11:00:00,Quarterly,Thousand hours worked,Total - all NACE activities,Seasonally and calendar adjusted data,Total employment domestic concept,Germany,1997-Q2,14388654,,
ESTAT:NAMQ_10_A10_E(1.0),31/01/25 11:00:00,Quarterly,Thousand hours worked,Total - all NACE activities,Seasonally and calendar adjusted data,Total employment domestic concept,Germany,1997-Q3,14399575,,
ESTAT:NAMQ_10_A10_E(1.0),31/01/25 11:00:00,Quarterly,Thousand hours worked,Total - all NACE activities,Seasonally and calendar adjusted data,Total employment domestic concept,Germany,1997-Q4,14361500,,
ESTAT:NAMQ_10_A10_E(1.0),31/01/25 11:00:00,Quarterly,Thousand hours worked,Total - all NACE activities,Seasonally and calendar adjusted data,Total employment domestic concept,Germany,1998-Q1,14358050,,
ESTAT:NAMQ_10_A10_E(1.0),31/01/25 11:00:00,Quarterly,Thousand hours worked,Total - all NACE activities,Seasonally and calendar adjusted data,Total employment domestic concept,Germany,1998-Q2,14420001,,
ESTAT:NAMQ_10_A10_E(1.0),31/01/25 11:00:00,Quarterly,Thousand hours worked,Total - all NACE activities,Seasonally and calendar adjusted data,Total employment domestic concept,Germany,1998-Q3,14498751,,
ESTAT:NAMQ_10_A10_E(1.0),31/01/25 11:00:00,Quarterly,Thousand hours worked,Total - all NACE activities,Seasonally and calendar adjusted data,Total employment domestic concept,Germany,1998-Q4,14499115,,
ESTAT:NAMQ_10_A10_E(1.0),31/01/25 11:00:00,Quarterly,Thousand hours worked,Total - all NACE activities,Seasonally and calendar adjusted data,Total employment domestic concept,Germany,1999-Q1,14497540,,
ESTAT:NAMQ_10_A10_E(1.0),31/01/25 11:00:00,Quarterly,Thousand hours worked,Total - all NACE activities,Seasonally and calendar adjusted data,Total employment domestic concept,Germany,1999-Q2,14502769,,
ESTAT:NAMQ_10_A10_E(1.0),31/01/25 11:00:00,Quarterly,Thousand hours worked,Total - all NACE activities,Seasonally and calendar adjusted data,Total employment domestic concept,Germany,1999-Q3,14530948,,
ESTAT:NAMQ_10_A10_E(1.0),31/01/25 11:00:00,Quarterly,Thousand hours worked,Total - all NACE activities,Seasonally and calendar adjusted data,Total employment domestic concept,Germany,1999-Q4,14565109,,
ESTAT:NAMQ_10_A10_E(1.0),31/01/25 11:00:00,Quarterly,Thousand hours worked,Total - all NACE activities,Seasonally and calendar adjusted data,Total employment domestic concept,Germany,2000-Q1,14648188,,
ESTAT:NAMQ_10_A10_E(1.0),31/01/25 11:00:00,Quarterly,Thousand hours worked,Total - all NACE activities,Seasonally and calendar adjusted data,Total employment domestic concept,Germany,2000-Q2,14662304,,
ESTAT:NAMQ_10_A10_E(1.0),31/01/25 11:00:00,Quarterly,Thousand hours worked,Total - all NACE activities,Seasonally and calendar adjusted data,Total employment domestic concept,Germany,2000-Q3,14654260,,
ESTAT:NAMQ_10_A10_E(1.0),31/01/25 11:00:00,Quarterly,Thousand hours worked,Total - all NACE activities,Seasonally and calendar adjusted data,Total employment domestic concept,Germany,2000-Q4,14643355,,
ESTAT:NAMQ_10_A10_E(1.0),31/01/25 11:00:00,Quarterly,Thousand hours worked,Total - all NACE activities,Seasonally and calendar adjusted data,Total employment domestic concept,Germany,2001-Q1,14608223,,
ESTAT:NAMQ_10_A10_E(1.0),31/01/25 11:00:00,Quarterly,Thousand hours worked,Total - all NACE activities,Seasonally and calendar adjusted data,Total employment domestic concept,Germany,2001-Q2,14580500,,
ESTAT:NAMQ_10_A10_E(1.0),31/01/25 11:00:00,Quarterly,Thousand hours worked,Total - all NACE activities,Seasonally and calendar adjusted data,Total employment domestic concept,Germany,2001-Q3,14540433,,
ESTAT:NAMQ_10_A10_E(1.0),31/01/25 11:00:00,Quarterly,Thousand hours worked,Total - all NACE activities,Seasonally and calendar adjusted data,Total employment domestic concept,Germany,2001-Q4,14506976,,
ESTAT:NAMQ_10_A10_E(1.0),31/01/25 11:00:00,Quarterly,Thousand hours worked,Total - all NACE activities,Seasonally and calendar adjusted data,Total employment domestic concept,Germany,2002-Q1,14476051,,
ESTAT:NAMQ_10_A10_E(1.0),31/01/25 11:00:00,Quarterly,Thousand hours worked,Total - all NACE activities,Seasonally and calendar adjusted data,Total employment domestic concept,Germany,2002-Q2,14445401,,
ESTAT:NAMQ_10_A10_E(1.0),31/01/25 11:00:00,Quarterly,Thousand hours worked,Total - all NACE activities,Seasonally and calendar adjusted data,Total employment domestic concept,Germany,2002-Q3,14382815,,
ESTAT:NAMQ_10_A10_E(1.0),31/01/25 11:00:00,Quarterly,Thousand hours worked,Total - all NACE activities,Seasonally and calendar adjusted data,Total employment domestic concept,Germany,2002-Q4,14299668,,
ESTAT:NAMQ_10_A10_E(1.0),31/01/25 11:00:00,Quarterly,Thousand hours worked,Total - all NACE activities,Seasonally and calendar adjusted data,Total employment domestic concept,Germany,2003-Q1,14239328,,
ESTAT:NAMQ_10_A10_E(1.0),31/01/25 11:00:00,Quarterly,Thousand hours worked,Total - all NACE activities,Seasonally and calendar adjusted data,Total employment domestic concept,Germany,2003-Q2,14182126,,
ESTAT:NAMQ_10_A10_E(1.0),31/01/25 11:00:00,Quarterly,Thousand hours worked,Total - all NACE activities,Seasonally and calendar adjusted data,Total employment domestic concept,Germany,2003-Q3,14194991,,
ESTAT:NAMQ_10_A10_E(1.0),31/01/25 11:00:00,Quarterly,Thousand hours worked,Total - all NACE activities,Seasonally and calendar adjusted data,Total employment domestic concept,Germany,2003-Q4,14125931,,
ESTAT:NAMQ_10_A10_E(1.0),31/01/25 11:00:00,Quarterly,Thousand hours worked,Total - all NACE activities,Seasonally and calendar adjusted data,Total employment domestic concept,Germany,2004-Q1,14189628,,
ESTAT:NAMQ_10_A10_E(1.0),31/01/25 11:00:00,Quarterly,Thousand hours worked,Total - all NACE activities,Seasonally and calendar adjusted data,Total employment domestic concept,Germany,2004-Q2,14123511,,
ESTAT:NAMQ_10_A10_E(1.0),31/01/25 11:00:00,Quarterly,Thousand hours worked,Total - all NACE activities,Seasonally and calendar adjusted data,Total employment domestic concept,Germany,2004-Q3,14125809,,
ESTAT:NAMQ_10_A10_E(1.0),31/01/25 11:00:00,Quarterly,Thousand hours worked,Total - all NACE activities,Seasonally and calendar adjusted data,Total employment domestic concept,Germany,2004-Q4,14082487,,
ESTAT:NAMQ_10_A10_E(1.0),31/01/25 11:00:00,Quarterly,Thousand hours worked,Total - all NACE activities,Seasonally and calendar adjusted data,Total employment domestic concept,Germany,2005-Q1,13945783,,
ESTAT:NAMQ_10_A10_E(1.0),31/01/25 11:00:00,Quarterly,Thousand hours worked,Total - all NACE activities,Seasonally and calendar adjusted data,Total employment domestic concept,Germany,2005-Q2,14018339,,
ESTAT:NAMQ_10_A10_E(1.0),31/01/25 11:00:00,Quarterly,Thousand hours worked,Total - all NACE activities,Seasonally and calendar adjusted data,Total employment domestic concept,Germany,2005-Q3,14087163,,
ESTAT:NAMQ_10_A10_E(1.0),31/01/25 11:00:00,Quarterly,Thousand hours worked,Total - all NACE activities,Seasonally and calendar adjusted data,Total employment domestic concept,Germany,2005-Q4,14174104,,
ESTAT:NAMQ_10_A10_E(1.0),31/01/25 11:00:00,Quarterly,Thousand hours worked,Total - all NACE activities,Seasonally and calendar adjusted data,Total employment domestic concept,Germany,2006-Q1,14233808,,
ESTAT:NAMQ_10_A10_E(1.0),31/01/25 11:00:00,Quarterly,Thousand hours worked,Total - all NACE activities,Seasonally and calendar adjusted data,Total employment domestic concept,Germany,2006-Q2,14366339,,
ESTAT:NAMQ_10_A10_E(1.0),31/01/25 11:00:00,Quarterly,Thousand hours worked,Total - all NACE activities,Seasonally and calendar adjusted data,Total employment domestic concept,Germany,2006-Q3,14433677,,
ESTAT:NAMQ_10_A10_E(1.0),31/01/25 11:00:00,Quarterly,Thousand hours worked,Total - all NACE activities,Seasonally and calendar adjusted data,Total employment domestic concept,Germany,2006-Q4,14565139,,
ESTAT:NAMQ_10_A10_E(1.0),31/01/25 11:00:00,Quarterly,Thousand hours worked,Total - all NACE activities,Seasonally and calendar adjusted data,Total employment domestic concept,Germany,2007-Q1,14600887,,
ESTAT:NAMQ_10_A10_E(1.0),31/01/25 11:00:00,Quarterly,Thousand hours worked,Total - all NACE activities,Seasonally and calendar adjusted data,Total employment domestic concept,Germany,2007-Q2,14670918,,
ESTAT:NAMQ_10_A10_E(1.0),31/01/25 11:00:00,Quarterly,Thousand hours worked,Total - all NACE activities,Seasonally and calendar adjusted data,Total employment domestic concept,Germany,2007-Q3,14670285,,
ESTAT:NAMQ_10_A10_E(1.0),31/01/25 11:00:00,Quarterly,Thousand hours worked,Total - all NACE activities,Seasonally and calendar adjusted data,Total employment domestic concept,Germany,2007-Q4,14761703,,
ESTAT:NAMQ_10_A10_E(1.0),31/01/25 11:00:00,Quarterly,Thousand hours worked,Total - all NACE activities,Seasonally and calendar adjusted data,Total employment domestic concept,Germany,2008-Q1,14836063,,
ESTAT:NAMQ_10_A10_E(1.0),31/01/25 11:00:00,Quarterly,Thousand hours worked,Total - all NACE activities,Seasonally and calendar adjusted data,Total employment domestic concept,Germany,2008-Q2,14786950,,
ESTAT:NAMQ_10_A10_E(1.0),31/01/25 11:00:00,Quarterly,Thousand hours worked,Total - all NACE activities,Seasonally and calendar adjusted data,Total employment domestic concept,Germany,2008-Q3,14751637,,
ESTAT:NAMQ_10_A10_E(1.0),31/01/25 11:00:00,Quarterly,Thousand hours worked,Total - all NACE activities,Seasonally and calendar adjusted data,Total employment domestic concept,Germany,2008-Q4,14672241,,
ESTAT:NAMQ_10_A10_E(1.0),31/01/25 11:00:00,Quarterly,Thousand hours worked,Total - all NACE activities,Seasonally and calendar adjusted data,Total employment domestic concept,Germany,2009-Q1,14521289,,
ESTAT:NAMQ_10_A10_E(1.0),31/01/25 11:00:00,Quarterly,Thousand hours worked,Total - all NACE activities,Seasonally and calendar adjusted data,Total employment domestic concept,Germany,2009-Q2,14339955,,
ESTAT:NAMQ_10_A10_E(1.0),31/01/25 11:00:00,Quarterly,Thousand hours worked,Total - all NACE activities,Seasonally and calendar adjusted data,Total employment domestic concept,Germany,2009-Q3,14318667,,
ESTAT:NAMQ_10_A10_E(1.0),31/01/25 11:00:00,Quarterly,Thousand hours worked,Total - all NACE activities,Seasonally and calendar adjusted data,Total employment domestic concept,Germany,2009-Q4,14283185,,
ESTAT:NAMQ_10_A10_E(1.0),31/01/25 11:00:00,Quarterly,Thousand hours worked,Total - all NACE activities,Seasonally and calendar adjusted data,Total employment domestic concept,Germany,2010-Q1,14439784,,
ESTAT:NAMQ_10_A10_E(1.0),31/01/25 11:00:00,Quarterly,Thousand hours worked,Total - all NACE activities,Seasonally and calendar adjusted data,Total employment domestic concept,Germany,2010-Q2,14560039,,
ESTAT:NAMQ_10_A10_E(1.0),31/01/25 11:00:00,Quarterly,Thousand hours worked,Total - all NACE activities,Seasonally and calendar adjusted data,Total employment domestic concept,Germany,2010-Q3,14636865,,
ESTAT:NAMQ_10_A10_E(1.0),31/01/25 11:00:00,Quarterly,Thousand hours worked,Total - all NACE activities,Seasonally and calendar adjusted data,Total employment domestic concept,Germany,2010-Q4,14745755,,
ESTAT:NAMQ_10_A10_E(1.0),31/01/25 11:00:00,Quarterly,Thousand hours worked,Total - all NACE activities,Seasonally and calendar adjusted data,Total employment domestic concept,Germany,2011-Q1,14799516,,
ESTAT:NAMQ_10_A10_E(1.0),31/01/25 11:00:00,Quarterly,Thousand hours worked,Total - all NACE activities,Seasonally and calendar adjusted data,Total employment domestic concept,Germany,2011-Q2,14791214,,
ESTAT:NAMQ_10_A10_E(1.0),31/01/25 11:00:00,Quarterly,Thousand hours worked,Total - all NACE activities,Seasonally and calendar adjusted data,Total employment domestic concept,Germany,2011-Q3,14819074,,
ESTAT:NAMQ_10_A10_E(1.0),31/01/25 11:00:00,Quarterly,Thousand hours worked,Total - all NACE activities,Seasonally and calendar adjusted data,Total employment domestic concept,Germany,2011-Q4,14824863,,
ESTAT:NAMQ_10_A10_E(1.0),31/01/25 11:00:00,Quarterly,Thousand hours worked,Total - all NACE activities,Seasonally and calendar adjusted data,Total employment domestic concept,Germany,2012-Q1,14817253,,
ESTAT:NAMQ_10_A10_E(1.0),31/01/25 11:00:00,Quarterly,Thousand hours worked,Total - all NACE activities,Seasonally and calendar adjusted data,Total employment domestic concept,Germany,2012-Q2,14790938,,
ESTAT:NAMQ_10_A10_E(1.0),31/01/25 11:00:00,Quarterly,Thousand hours worked,Total - all NACE activities,Seasonally and calendar adjusted data,Total employment domestic concept,Germany,2012-Q3,14794259,,
ESTAT:NAMQ_10_A10_E(1.0),31/01/25 11:00:00,Quarterly,Thousand hours worked,Total - all NACE activities,Seasonally and calendar adjusted data,Total employment domestic concept,Germany,2012-Q4,14813704,,
ESTAT:NAMQ_10_A10_E(1.0),31/01/25 11:00:00,Quarterly,Thousand hours worked,Total - all NACE activities,Seasonally and calendar adjusted data,Total employment domestic concept,Germany,2013-Q1,14694313,,
ESTAT:NAMQ_10_A10_E(1.0),31/01/25 11:00:00,Quarterly,Thousand hours worked,Total - all NACE activities,Seasonally and calendar adjusted data,Total employment domestic concept,Germany,2013-Q2,14795481,,
ESTAT:NAMQ_10_A10_E(1.0),31/01/25 11:00:00,Quarterly,Thousand hours worked,Total - all NACE activities,Seasonally and calendar adjusted data,Total employment domestic concept,Germany,2013-Q3,14893990,,
ESTAT:NAMQ_10_A10_E(1.0),31/01/25 11:00:00,Quarterly,Thousand hours worked,Total - all NACE activities,Seasonally and calendar adjusted data,Total employment domestic concept,Germany,2013-Q4,14909346,,
ESTAT:NAMQ_10_A10_E(1.0),31/01/25 11:00:00,Quarterly,Thousand hours worked,Total - all NACE activities,Seasonally and calendar adjusted data,Total employment domestic concept,Germany,2014-Q1,15000895,,
ESTAT:NAMQ_10_A10_E(1.0),31/01/25 11:00:00,Quarterly,Thousand hours worked,Total - all NACE activities,Seasonally and calendar adjusted data,Total employment domestic concept,Germany,2014-Q2,14983369,,
ESTAT:NAMQ_10_A10_E(1.0),31/01/25 11:00:00,Quarterly,Thousand hours worked,Total - all NACE activities,Seasonally and calendar adjusted data,Total employment domestic concept,Germany,2014-Q3,14975051,,
ESTAT:NAMQ_10_A10_E(1.0),31/01/25 11:00:00,Quarterly,Thousand hours worked,Total - all NACE activities,Seasonally and calendar adjusted data,Total employment domestic concept,Germany,2014-Q4,15016011,,
ESTAT:NAMQ_10_A10_E(1.0),31/01/25 11:00:00,Quarterly,Thousand hours worked,Total - all NACE activities,Seasonally and calendar adjusted data,Total employment domestic concept,Germany,2015-Q1,15053857,,
ESTAT:NAMQ_10_A10_E(1.0),31/01/25 11:00:00,Quarterly,Thousand hours worked,Total - all NACE activities,Seasonally and calendar adjusted data,Total employment domestic concept,Germany,2015-Q2,15124305,,
ESTAT:NAMQ_10_A10_E(1.0),31/01/25 11:00:00,Quarterly,Thousand hours worked,Total - all NACE activities,Seasonally and calendar adjusted data,Total employment domestic concept,Germany,2015-Q3,15089070,,
ESTAT:NAMQ_10_A10_E(1.0),31/01/25 11:00:00,Quarterly,Thousand hours worked,Total - all NACE activities,Seasonally and calendar adjusted data,Total employment domestic concept,Germany,2015-Q4,15108705,,
ESTAT:NAMQ_10_A10_E(1.0),31/01/25 11:00:00,Quarterly,Thousand hours worked,Total - all NACE activities,Seasonally and calendar adjusted data,Total employment domestic concept,Germany,2016-Q1,15169091,,
ESTAT:NAMQ_10_A10_E(1.0),31/01/25 11:00:00,Quarterly,Thousand hours worked,Total - all NACE activities,Seasonally and calendar adjusted data,Total employment domestic concept,Germany,2016-Q2,15204911,,
ESTAT:NAMQ_10_A10_E(1.0),31/01/25 11:00:00,Quarterly,Thousand hours worked,Total - all NACE activities,Seasonally and calendar adjusted data,Total employment domestic concept,Germany,2016-Q3,15264654,,
ESTAT:NAMQ_10_A10_E(1.0),31/01/25 11:00:00,Quarterly,Thousand hours worked,Total - all NACE activities,Seasonally and calendar adjusted data,Total employment domestic concept,Germany,2016-Q4,15260299,,
ESTAT:NAMQ_10_A10_E(1.0),31/01/25 11:00:00,Quarterly,Thousand hours worked,Total - all NACE activities,Seasonally and calendar adjusted data,Total employment domestic concept,Germany,2017-Q1,15294169,,
ESTAT:NAMQ_10_A10_E(1.0),31/01/25 11:00:00,Quarterly,Thousand hours worked,Total - all NACE activities,Seasonally and calendar adjusted data,Total employment domestic concept,Germany,2017-Q2,15384872,,
ESTAT:NAMQ_10_A10_E(1.0),31/01/25 11:00:00,Quarterly,Thousand hours worked,Total - all NACE activities,Seasonally and calendar adjusted data,Total employment domestic concept,Germany,2017-Q3,15454326,,
ESTAT:NAMQ_10_A10_E(1.0),31/01/25 11:00:00,Quarterly,Thousand hours worked,Total - all NACE activities,Seasonally and calendar adjusted data,Total employment domestic concept,Germany,2017-Q4,15497929,,
ESTAT:NAMQ_10_A10_E(1.0),31/01/25 11:00:00,Quarterly,Thousand hours worked,Total - all NACE activities,Seasonally and calendar adjusted data,Total employment domestic concept,Germany,2018-Q1,15380752,,
ESTAT:NAMQ_10_A10_E(1.0),31/01/25 11:00:00,Quarterly,Thousand hours worked,Total - all NACE activities,Seasonally and calendar adjusted data,Total employment domestic concept,Germany,2018-Q2,15563711,,
ESTAT:NAMQ_10_A10_E(1.0),31/01/25 11:00:00,Quarterly,Thousand hours worked,Total - all NACE activities,Seasonally and calendar adjusted data,Total employment domestic concept,Germany,2018-Q3,15549076,,
ESTAT:NAMQ_10_A10_E(1.0),31/01/25 11:00:00,Quarterly,Thousand hours worked,Total - all NACE activities,Seasonally and calendar adjusted data,Total employment domestic concept,Germany,2018-Q4,15633467,,
ESTAT:NAMQ_10_A10_E(1.0),31/01/25 11:00:00,Quarterly,Thousand hours worked,Total - all NACE activities,Seasonally and calendar adjusted data,Total employment domestic concept,Germany,2019-Q1,15593870,,
ESTAT:NAMQ_10_A10_E(1.0),31/01/25 11:00:00,Quarterly,Thousand hours worked,Total - all NACE activities,Seasonally and calendar adjusted data,Total employment domestic concept,Germany,2019-Q2,15511652,,
ESTAT:NAMQ_10_A10_E(1.0),31/01/25 11:00:00,Quarterly,Thousand hours worked,Total - all NACE activities,Seasonally and calendar adjusted data,Total employment domestic concept,Germany,2019-Q3,15649973,,
ESTAT:NAMQ_10_A10_E(1.0),31/01/25 11:00:00,Quarterly,Thousand hours worked,Total - all NACE activities,Seasonally and calendar adjusted data,Total employment domestic concept,Germany,2019-Q4,15541408,,
ESTAT:NAMQ_10_A10_E(1.0),31/01/25 11:00:00,Quarterly,Thousand hours worked,Total - all NACE activities,Seasonally and calendar adjusted data,Total employment domestic concept,Germany,2020-Q1,15247633,,
ESTAT:NAMQ_10_A10_E(1.0),31/01/25 11:00:00,Quarterly,Thousand hours worked,Total - all NACE activities,Seasonally and calendar adjusted data,Total employment domestic concept,Germany,2020-Q2,14289160,,
ESTAT:NAMQ_10_A10_E(1.0),31/01/25 11:00:00,Quarterly,Thousand hours worked,Total - all NACE activities,Seasonally and calendar adjusted data,Total employment domestic concept,Germany,2020-Q3,14527892,,
ESTAT:NAMQ_10_A10_E(1.0),31/01/25 11:00:00,Quarterly,Thousand hours worked,Total - all NACE activities,Seasonally and calendar adjusted data,Total employment domestic concept,Germany,2020-Q4,14837070,,
ESTAT:NAMQ_10_A10_E(1.0),31/01/25 11:00:00,Quarterly,Thousand hours worked,Total - all NACE activities,Seasonally and calendar adjusted data,Total employment domestic concept,Germany,2021-Q1,14904150,p,
ESTAT:NAMQ_10_A10_E(1.0),31/01/25 11:00:00,Quarterly,Thousand hours worked,Total - all NACE activities,Seasonally and calendar adjusted data,Total employment domestic concept,Germany,2021-Q2,15223867,p,
ESTAT:NAMQ_10_A10_E(1.0),31/01/25 11:00:00,Quarterly,Thousand hours worked,Total - all NACE activities,Seasonally and calendar adjusted data,Total employment domestic concept,Germany,2021-Q3,14933548,p,
ESTAT:NAMQ_10_A10_E(1.0),31/01/25 11:00:00,Quarterly,Thousand hours worked,Total - all NACE activities,Seasonally and calendar adjusted data,Total employment domestic concept,Germany,2021-Q4,15167529,p,
ESTAT:NAMQ_10_A10_E(1.0),31/01/25 11:00:00,Quarterly,Thousand hours worked,Total - all NACE activities,Seasonally and calendar adjusted data,Total employment domestic concept,Germany,2022-Q1,15289053,p,
ESTAT:NAMQ_10_A10_E(1.0),31/01/25 11:00:00,Quarterly,Thousand hours worked,Total - all NACE activities,Seasonally and calendar adjusted data,Total employment domestic concept,Germany,2022-Q2,15267954,p,
ESTAT:NAMQ_10_A10_E(1.0),31/01/25 11:00:00,Quarterly,Thousand hours worked,Total - all NACE activities,Seasonally and calendar adjusted data,Total employment domestic concept,Germany,2022-Q3,15284644,p,
ESTAT:NAMQ_10_A10_E(1.0),31/01/25 11:00:00,Quarterly,Thousand hours worked,Total - all NACE activities,Seasonally and calendar adjusted data,Total employment domestic concept,Germany,2022-Q4,15259335,p,
ESTAT:NAMQ_10_A10_E(1.0),31/01/25 11:00:00,Quarterly,Thousand hours worked,Total - all NACE activities,Seasonally and calendar adjusted data,Total employment domestic concept,Germany,2023-Q1,15354167,p,
ESTAT:NAMQ_10_A10_E(1.0),31/01/25 11:00:00,Quarterly,Thousand hours worked,Total - all NACE activities,Seasonally and calendar adjusted data,Total employment domestic concept,Germany,2023-Q2,15436658,p,
ESTAT:NAMQ_10_A10_E(1.0),31/01/25 11:00:00,Quarterly,Thousand hours worked,Total - all NACE activities,Seasonally and calendar adjusted data,Total employment domestic concept,Germany,2023-Q3,15406731,p,
ESTAT:NAMQ_10_A10_E(1.0),31/01/25 11:00:00,Quarterly,Thousand hours worked,Total - all NACE activities,Seasonally and calendar adjusted data,Total employment domestic concept,Germany,2023-Q4,15330107,p,
ESTAT:NAMQ_10_A10_E(1.0),31/01/25 11:00:00,Quarterly,Thousand hours worked,Total - all NACE activities,Seasonally and calendar adjusted data,Total employment domestic concept,Germany,2024-Q1,15302889,p,
ESTAT:NAMQ_10_A10_E(1.0),31/01/25 11:00:00,Quarterly,Thousand hours worked,Total - all NACE activities,Seasonally and calendar adjusted data,Total employment domestic concept,Germany,2024-Q2,15343543,p,
ESTAT:NAMQ_10_A10_E(1.0),31/01/25 11:00:00,Quarterly,Thousand hours worked,Total - all NACE activities,Seasonally and calendar adjusted data,Total employment domestic concept,Germany,2024-Q3,15382069,p,
ESTAT:NAMQ_10_A10_E(1.0),31/01/25 11:00:00,Quarterly,Thousand hours worked,Total - all NACE activities,Seasonally and calendar adjusted data,Total employment domestic concept,Spain,1997-Q1,6293777,,
ESTAT:NAMQ_10_A10_E(1.0),31/01/25 11:00:00,Quarterly,Thousand hours worked,Total - all NACE activities,Seasonally and calendar adjusted data,Total employment domestic concept,Spain,1997-Q2,6276313,,
ESTAT:NAMQ_10_A10_E(1.0),31/01/25 11:00:00,Quarterly,Thousand hours worked,Total - all NACE activities,Seasonally and calendar adjusted data,Total employment domestic concept,Spain,1997-Q3,6378757,,
ESTAT:NAMQ_10_A10_E(1.0),31/01/25 11:00:00,Quarterly,Thousand hours worked,Total - all NACE activities,Seasonally and calendar adjusted data,Total employment domestic concept,Spain,1997-Q4,6474153,,
ESTAT:NAMQ_10_A10_E(1.0),31/01/25 11:00:00,Quarterly,Thousand hours worked,Total - all NACE activities,Seasonally and calendar adjusted data,Total employment domestic concept,Spain,1998-Q1,6474604,,
ESTAT:NAMQ_10_A10_E(1.0),31/01/25 11:00:00,Quarterly,Thousand hours worked,Total - all NACE activities,Seasonally and calendar adjusted data,Total employment domestic concept,Spain,1998-Q2,6619499,,
ESTAT:NAMQ_10_A10_E(1.0),31/01/25 11:00:00,Quarterly,Thousand hours worked,Total - all NACE activities,Seasonally and calendar adjusted data,Total employment domestic concept,Spain,1998-Q3,6807731,,
ESTAT:NAMQ_10_A10_E(1.0),31/01/25 11:00:00,Quarterly,Thousand hours worked,Total - all NACE activities,Seasonally and calendar adjusted data,Total employment domestic concept,Spain,1998-Q4,6775077,,
ESTAT:NAMQ_10_A10_E(1.0),31/01/25 11:00:00,Quarterly,Thousand hours worked,Total - all NACE activities,Seasonally and calendar adjusted data,Total employment domestic concept,Spain,1999-Q1,6851318,,
ESTAT:NAMQ_10_A10_E(1.0),31/01/25 11:00:00,Quarterly,Thousand hours worked,Total - all NACE activities,Seasonally and calendar adjusted data,Total employment domestic concept,Spain,1999-Q2,7064060,,
ESTAT:NAMQ_10_A10_E(1.0),31/01/25 11:00:00,Quarterly,Thousand hours worked,Total - all NACE activities,Seasonally and calendar adjusted data,Total employment domestic concept,Spain,1999-Q3,6971018,,
ESTAT:NAMQ_10_A10_E(1.0),31/01/25 11:00:00,Quarterly,Thousand hours worked,Total - all NACE activities,Seasonally and calendar adjusted data,Total employment domestic concept,Spain,1999-Q4,7099572,,
ESTAT:NAMQ_10_A10_E(1.0),31/01/25 11:00:00,Quarterly,Thousand hours worked,Total - all NACE activities,Seasonally and calendar adjusted data,Total employment domestic concept,Spain,2000-Q1,7252232,,
ESTAT:NAMQ_10_A10_E(1.0),31/01/25 11:00:00,Quarterly,Thousand hours worked,Total - all NACE activities,Seasonally and calendar adjusted data,Total employment domestic concept,Spain,2000-Q2,7296370,,
ESTAT:NAMQ_10_A10_E(1.0),31/01/25 11:00:00,Quarterly,Thousand hours worked,Total - all NACE activities,Seasonally and calendar adjusted data,Total employment domestic concept,Spain,2000-Q3,7337775,,
ESTAT:NAMQ_10_A10_E(1.0),31/01/25 11:00:00,Quarterly,Thousand hours worked,Total - all NACE activities,Seasonally and calendar adjusted data,Total employment domestic concept,Spain,2000-Q4,7439830,,
ESTAT:NAMQ_10_A10_E(1.0),31/01/25 11:00:00,Quarterly,Thousand hours worked,Total - all NACE activities,Seasonally and calendar adjusted data,Total employment domestic concept,Spain,2001-Q1,7550570,,
ESTAT:NAMQ_10_A10_E(1.0),31/01/25 11:00:00,Quarterly,Thousand hours worked,Total - all NACE activities,Seasonally and calendar adjusted data,Total employment domestic concept,Spain,2001-Q2,7569766,,
ESTAT:NAMQ_10_A10_E(1.0),31/01/25 11:00:00,Quarterly,Thousand hours worked,Total - all NACE activities,Seasonally and calendar adjusted data,Total employment domestic concept,Spain,2001-Q3,7658538,,
ESTAT:NAMQ_10_A10_E(1.0),31/01/25 11:00:00,Quarterly,Thousand hours worked,Total - all NACE activities,Seasonally and calendar adjusted data,Total employment domestic concept,Spain,2001-Q4,7690315,,
ESTAT:NAMQ_10_A10_E(1.0),31/01/25 11:00:00,Quarterly,Thousand hours worked,Total - all NACE activities,Seasonally and calendar adjusted data,Total employment domestic concept,Spain,2002-Q1,7760392,,
ESTAT:NAMQ_10_A10_E(1.0),31/01/25 11:00:00,Quarterly,Thousand hours worked,Total - all NACE activities,Seasonally and calendar adjusted data,Total employment domestic concept,Spain,2002-Q2,7774010,,
ESTAT:NAMQ_10_A10_E(1.0),31/01/25 11:00:00,Quarterly,Thousand hours worked,Total - all NACE activities,Seasonally and calendar adjusted data,Total employment domestic concept,Spain,2002-Q3,7799842,,
ESTAT:NAMQ_10_A10_E(1.0),31/01/25 11:00:00,Quarterly,Thousand hours worked,Total - all NACE activities,Seasonally and calendar adjusted data,Total employment domestic concept,Spain,2002-Q4,7913929,,
ESTAT:NAMQ_10_A10_E(1.0),31/01/25 11:00:00,Quarterly,Thousand hours worked,Total - all NACE activities,Seasonally and calendar adjusted data,Total employment domestic concept,Spain,2003-Q1,7931711,,
ESTAT:NAMQ_10_A10_E(1.0),31/01/25 11:00:00,Quarterly,Thousand hours worked,Total - all NACE activities,Seasonally and calendar adjusted data,Total employment domestic concept,Spain,2003-Q2,7956746,,
ESTAT:NAMQ_10_A10_E(1.0),31/01/25 11:00:00,Quarterly,Thousand hours worked,Total - all NACE activities,Seasonally and calendar adjusted data,Total employment domestic concept,Spain,2003-Q3,8020616,,
ESTAT:NAMQ_10_A10_E(1.0),31/01/25 11:00:00,Quarterly,Thousand hours worked,Total - all NACE activities,Seasonally and calendar adjusted data,Total employment domestic concept,Spain,2003-Q4,8163744,,
ESTAT:NAMQ_10_A10_E(1.0),31/01/25 11:00:00,Quarterly,Thousand hours worked,Total - all NACE activities,Seasonally and calendar adjusted data,Total employment domestic concept,Spain,2004-Q1,8153606,,
ESTAT:NAMQ_10_A10_E(1.0),31/01/25 11:00:00,Quarterly,Thousand hours worked,Total - all NACE activities,Seasonally and calendar adjusted data,Total employment domestic concept,Spain,2004-Q2,8230980,,
ESTAT:NAMQ_10_A10_E(1.0),31/01/25 11:00:00,Quarterly,Thousand hours worked,Total - all NACE activities,Seasonally and calendar adjusted data,Total employment domestic concept,Spain,2004-Q3,8245180,,
ESTAT:NAMQ_10_A10_E(1.0),31/01/25 11:00:00,Quarterly,Thousand hours worked,Total - all NACE activities,Seasonally and calendar adjusted data,Total employment domestic concept,Spain,2004-Q4,8335290,,
ESTAT:NAMQ_10_A10_E(1.0),31/01/25 11:00:00,Quarterly,Thousand hours worked,Total - all NACE activities,Seasonally and calendar adjusted data,Total employment domestic concept,Spain,2005-Q1,8345108,,
ESTAT:NAMQ_10_A10_E(1.0),31/01/25 11:00:00,Quarterly,Thousand hours worked,Total - all NACE activities,Seasonally and calendar adjusted data,Total employment domestic concept,Spain,2005-Q2,8529376,,
ESTAT:NAMQ_10_A10_E(1.0),31/01/25 11:00:00,Quarterly,Thousand hours worked,Total - all NACE activities,Seasonally and calendar adjusted data,Total employment domestic concept,Spain,2005-Q3,8534272,,
ESTAT:NAMQ_10_A10_E(1.0),31/01/25 11:00:00,Quarterly,Thousand hours worked,Total - all NACE activities,Seasonally and calendar adjusted data,Total employment domestic concept,Spain,2005-Q4,8621231,,
ESTAT:NAMQ_10_A10_E(1.0),31/01/25 11:00:00,Quarterly,Thousand hours worked,Total - all NACE activities,Seasonally and calendar adjusted data,Total employment domestic concept,Spain,2006-Q1,8755400,,
ESTAT:NAMQ_10_A10_E(1.0),31/01/25 11:00:00,Quarterly,Thousand hours worked,Total - all NACE activities,Seasonally and calendar adjusted data,Total employment domestic concept,Spain,2006-Q2,8749002,,
ESTAT:NAMQ_10_A10_E(1.0),31/01/25 11:00:00,Quarterly,Thousand hours worked,Total - all NACE activities,Seasonally and calendar adjusted data,Total employment domestic concept,Spain,2006-Q3,8861770,,
ESTAT:NAMQ_10_A10_E(1.0),31/01/25 11:00:00,Quarterly,Thousand hours worked,Total - all NACE activities,Seasonally and calendar adjusted data,Total employment domestic concept,Spain,2006-Q4,8845376,,
ESTAT:NAMQ_10_A10_E(1.0),31/01/25 11:00:00,Quarterly,Thousand hours worked,Total - all NACE activities,Seasonally and calendar adjusted data,Total employment domestic concept,Spain,2007-Q1,8952513,,
ESTAT:NAMQ_10_A10_E(1.0),31/01/25 11:00:00,Quarterly,Thousand hours worked,Total - all NACE activities,Seasonally and calendar adjusted data,Total employment domestic concept,Spain,2007-Q2,9000333,,
ESTAT:NAMQ_10_A10_E(1.0),31/01/25 11:00:00,Quarterly,Thousand hours worked,Total - all NACE activities,Seasonally and calendar adjusted data,Total employment domestic concept,Spain,2007-Q3,9066631,,
ESTAT:NAMQ_10_A10_E(1.0),31/01/25 11:00:00,Quarterly,Thousand hours worked,Total - all NACE activities,Seasonally and calendar adjusted data,Total employment domestic concept,Spain,2007-Q4,9075583,,
ESTAT:NAMQ_10_A10_E(1.0),31/01/25 11:00:00,Quarterly,Thousand hours worked,Total - all NACE activities,Seasonally and calendar adjusted data,Total employment domestic concept,Spain,2008-Q1,9141944,,
ESTAT:NAMQ_10_A10_E(1.0),31/01/25 11:00:00,Quarterly,Thousand hours worked,Total - all NACE activities,Seasonally and calendar adjusted data,Total employment domestic concept,Spain,2008-Q2,9149390,,
ESTAT:NAMQ_10_A10_E(1.0),31/01/25 11:00:00,Quarterly,Thousand hours worked,Total - all NACE activities,Seasonally and calendar adjusted data,Total employment domestic concept,Spain,2008-Q3,9032576,,
ESTAT:NAMQ_10_A10_E(1.0),31/01/25 11:00:00,Quarterly,Thousand hours worked,Total - all NACE activities,Seasonally and calendar adjusted data,Total employment domestic concept,Spain,2008-Q4,9014947,,
ESTAT:NAMQ_10_A10_E(1.0),31/01/25 11:00:00,Quarterly,Thousand hours worked,Total - all NACE activities,Seasonally and calendar adjusted data,Total employment domestic concept,Spain,2009-Q1,8659631,,
ESTAT:NAMQ_10_A10_E(1.0),31/01/25 11:00:00,Quarterly,Thousand hours worked,Total - all NACE activities,Seasonally and calendar adjusted data,Total employment domestic concept,Spain,2009-Q2,8547588,,
ESTAT:NAMQ_10_A10_E(1.0),31/01/25 11:00:00,Quarterly,Thousand hours worked,Total - all NACE activities,Seasonally and calendar adjusted data,Total employment domestic concept,Spain,2009-Q3,8502290,,
ESTAT:NAMQ_10_A10_E(1.0),31/01/25 11:00:00,Quarterly,Thousand hours worked,Total - all NACE activities,Seasonally and calendar adjusted data,Total employment domestic concept,Spain,2009-Q4,8458574,,
ESTAT:NAMQ_10_A10_E(1.0),31/01/25 11:00:00,Quarterly,Thousand hours worked,Total - all NACE activities,Seasonally and calendar adjusted data,Total employment domestic concept,Spain,2010-Q1,8352340,,
ESTAT:NAMQ_10_A10_E(1.0),31/01/25 11:00:00,Quarterly,Thousand hours worked,Total - all NACE activities,Seasonally and calendar adjusted data,Total employment domestic concept,Spain,2010-Q2,8445169,,
ESTAT:NAMQ_10_A10_E(1.0),31/01/25 11:00:00,Quarterly,Thousand hours worked,Total - all NACE activities,Seasonally and calendar adjusted data,Total employment domestic concept,Spain,2010-Q3,8346188,,
ESTAT:NAMQ_10_A10_E(1.0),31/01/25 11:00:00,Quarterly,Thousand hours worked,Total - all NACE activities,Seasonally and calendar adjusted data,Total employment domestic concept,Spain,2010-Q4,8249189,,
ESTAT:NAMQ_10_A10_E(1.0),31/01/25 11:00:00,Quarterly,Thousand hours worked,Total - all NACE activities,Seasonally and calendar adjusted data,Total employment domestic concept,Spain,2011-Q1,8314452,,
ESTAT:NAMQ_10_A10_E(1.0),31/01/25 11:00:00,Quarterly,Thousand hours worked,Total - all NACE activities,Seasonally and calendar adjusted data,Total employment domestic concept,Spain,2011-Q2,8189116,,
ESTAT:NAMQ_10_A10_E(1.0),31/01/25 11:00:00,Quarterly,Thousand hours worked,Total - all NACE activities,Seasonally and calendar adjusted data,Total employment domestic concept,Spain,2011-Q3,8139025,,
ESTAT:NAMQ_10_A10_E(1.0),31/01/25 11:00:00,Quarterly,Thousand hours worked,Total - all NACE activities,Seasonally and calendar adjusted data,Total employment domestic concept,Spain,2011-Q4,8043127,,
ESTAT:NAMQ_10_A10_E(1.0),31/01/25 11:00:00,Quarterly,Thousand hours worked,Total - all NACE activities,Seasonally and calendar adjusted data,Total employment domestic concept,Spain,2012-Q1,7930714,,
ESTAT:NAMQ_10_A10_E(1.0),31/01/25 11:00:00,Quarterly,Thousand hours worked,Total - all NACE activities,Seasonally and calendar adjusted data,Total employment domestic concept,Spain,2012-Q2,7807850,,
ESTAT:NAMQ_10_A10_E(1.0),31/01/25 11:00:00,Quarterly,Thousand hours worked,Total - all NACE activities,Seasonally and calendar adjusted data,Total employment domestic concept,Spain,2012-Q3,7747511,,
ESTAT:NAMQ_10_A10_E(1.0),31/01/25 11:00:00,Quarterly,Thousand hours worked,Total - all NACE activities,Seasonally and calendar adjusted data,Total employment domestic concept,Spain,2012-Q4,7625816,,
ESTAT:NAMQ_10_A10_E(1.0),31/01/25 11:00:00,Quarterly,Thousand hours worked,Total - all NACE activities,Seasonally and calendar adjusted data,Total employment domestic concept,Spain,2013-Q1,7589996,,
ESTAT:NAMQ_10_A10_E(1.0),31/01/25 11:00:00,Quarterly,Thousand hours worked,Total - all NACE activities,Seasonally and calendar adjusted data,Total employment domestic concept,Spain,2013-Q2,7543630,,
ESTAT:NAMQ_10_A10_E(1.0),31/01/25 11:00:00,Quarterly,Thousand hours worked,Total - all NACE activities,Seasonally and calendar adjusted data,Total employment domestic concept,Spain,2013-Q3,7529829,,
ESTAT:NAMQ_10_A10_E(1.0),31/01/25 11:00:00,Quarterly,Thousand hours worked,Total - all NACE activities,Seasonally and calendar adjusted data,Total employment domestic concept,Spain,2013-Q4,7565341,,
ESTAT:NAMQ_10_A10_E(1.0),31/01/25 11:00:00,Quarterly,Thousand hours worked,Total - all NACE activities,Seasonally and calendar adjusted data,Total employment domestic concept,Spain,2014-Q1,7560939,,
ESTAT:NAMQ_10_A10_E(1.0),31/01/25 11:00:00,Quarterly,Thousand hours worked,Total - all NACE activities,Seasonally and calendar adjusted data,Total employment domestic concept,Spain,2014-Q2,7617503,,
ESTAT:NAMQ_10_A10_E(1.0),31/01/25 11:00:00,Quarterly,Thousand hours worked,Total - all NACE activities,Seasonally and calendar adjusted data,Total employment domestic concept,Spain,2014-Q3,7636133,,
ESTAT:NAMQ_10_A10_E(1.0),31/01/25 11:00:00,Quarterly,Thousand hours worked,Total - all NACE activities,Seasonally and calendar adjusted data,Total employment domestic concept,Spain,2014-Q4,7728426,,
ESTAT:NAMQ_10_A10_E(1.0),31/01/25 11:00:00,Quarterly,Thousand hours worked,Total - all NACE activities,Seasonally and calendar adjusted data,Total employment domestic concept,Spain,2015-Q1,7731799,,
ESTAT:NAMQ_10_A10_E(1.0),31/01/25 11:00:00,Quarterly,Thousand hours worked,Total - all NACE activities,Seasonally and calendar adjusted data,Total employment domestic concept,Spain,2015-Q2,7841079,,
ESTAT:NAMQ_10_A10_E(1.0),31/01/25 11:00:00,Quarterly,Thousand hours worked,Total - all NACE activities,Seasonally and calendar adjusted data,Total employment domestic concept,Spain,2015-Q3,7916428,,
ESTAT:NAMQ_10_A10_E(1.0),31/01/25 11:00:00,Quarterly,Thousand hours worked,Total - all NACE activities,Seasonally and calendar adjusted data,Total employment domestic concept,Spain,2015-Q4,7968944,,
ESTAT:NAMQ_10_A10_E(1.0),31/01/25 11:00:00,Quarterly,Thousand hours worked,Total - all NACE activities,Seasonally and calendar adjusted data,Total employment domestic concept,Spain,2016-Q1,8033091,,
ESTAT:NAMQ_10_A10_E(1.0),31/01/25 11:00:00,Quarterly,Thousand hours worked,Total - all NACE activities,Seasonally and calendar adjusted data,Total employment domestic concept,Spain,2016-Q2,8037336,,
ESTAT:NAMQ_10_A10_E(1.0),31/01/25 11:00:00,Quarterly,Thousand hours worked,Total - all NACE activities,Seasonally and calendar adjusted data,Total employment domestic concept,Spain,2016-Q3,8090729,,
ESTAT:NAMQ_10_A10_E(1.0),31/01/25 11:00:00,Quarterly,Thousand hours worked,Total - all NACE activities,Seasonally and calendar adjusted data,Total employment domestic concept,Spain,2016-Q4,8100313,,
ESTAT:NAMQ_10_A10_E(1.0),31/01/25 11:00:00,Quarterly,Thousand hours worked,Total - all NACE activities,Seasonally and calendar adjusted data,Total employment domestic concept,Spain,2017-Q1,8175597,,
ESTAT:NAMQ_10_A10_E(1.0),31/01/25 11:00:00,Quarterly,Thousand hours worked,Total - all NACE activities,Seasonally and calendar adjusted data,Total employment domestic concept,Spain,2017-Q2,8213240,,
ESTAT:NAMQ_10_A10_E(1.0),31/01/25 11:00:00,Quarterly,Thousand hours worked,Total - all NACE activities,Seasonally and calendar adjusted data,Total employment domestic concept,Spain,2017-Q3,8270874,,
ESTAT:NAMQ_10_A10_E(1.0),31/01/25 11:00:00,Quarterly,Thousand hours worked,Total - all NACE activities,Seasonally and calendar adjusted data,Total employment domestic concept,Spain,2017-Q4,8292505,,
ESTAT:NAMQ_10_A10_E(1.0),31/01/25 11:00:00,Quarterly,Thousand hours worked,Total - all NACE activities,Seasonally and calendar adjusted data,Total employment domestic concept,Spain,2018-Q1,8343905,,
ESTAT:NAMQ_10_A10_E(1.0),31/01/25 11:00:00,Quarterly,Thousand hours worked,Total - all NACE activities,Seasonally and calendar adjusted data,Total employment domestic concept,Spain,2018-Q2,8428709,,
ESTAT:NAMQ_10_A10_E(1.0),31/01/25 11:00:00,Quarterly,Thousand hours worked,Total - all NACE activities,Seasonally and calendar adjusted data,Total employment domestic concept,Spain,2018-Q3,8500210,,
ESTAT:NAMQ_10_A10_E(1.0),31/01/25 11:00:00,Quarterly,Thousand hours worked,Total - all NACE activities,Seasonally and calendar adjusted data,Total employment domestic concept,Spain,2018-Q4,8492792,,
ESTAT:NAMQ_10_A10_E(1.0),31/01/25 11:00:00,Quarterly,Thousand hours worked,Total - all NACE activities,Seasonally and calendar adjusted data,Total employment domestic concept,Spain,2019-Q1,8616792,,
ESTAT:NAMQ_10_A10_E(1.0),31/01/25 11:00:00,Quarterly,Thousand hours worked,Total - all NACE activities,Seasonally and calendar adjusted data,Total employment domestic concept,Spain,2019-Q2,8550955,,
ESTAT:NAMQ_10_A10_E(1.0),31/01/25 11:00:00,Quarterly,Thousand hours worked,Total - all NACE activities,Seasonally and calendar adjusted data,Total employment domestic concept,Spain,2019-Q3,8585236,,
ESTAT:NAMQ_10_A10_E(1.0),31/01/25 11:00:00,Quarterly,Thousand hours worked,Total - all NACE activities,Seasonally and calendar adjusted data,Total employment domestic concept,Spain,2019-Q4,8595553,,
ESTAT:NAMQ_10_A10_E(1.0),31/01/25 11:00:00,Quarterly,Thousand hours worked,Total - all NACE activities,Seasonally and calendar adjusted data,Total employment domestic concept,Spain,2020-Q1,8131080,,
ESTAT:NAMQ_10_A10_E(1.0),31/01/25 11:00:00,Quarterly,Thousand hours worked,Total - all NACE activities,Seasonally and calendar adjusted data,Total employment domestic concept,Spain,2020-Q2,6366402,,
ESTAT:NAMQ_10_A10_E(1.0),31/01/25 11:00:00,Quarterly,Thousand hours worked,Total - all NACE activities,Seasonally and calendar adjusted data,Total employment domestic concept,Spain,2020-Q3,8002203,,
ESTAT:NAMQ_10_A10_E(1.0),31/01/25 11:00:00,Quarterly,Thousand hours worked,Total - all NACE activities,Seasonally and calendar adjusted data,Total employment domestic concept,Spain,2020-Q4,8077261,,
ESTAT:NAMQ_10_A10_E(1.0),31/01/25 11:00:00,Quarterly,Thousand hours worked,Total - all NACE activities,Seasonally and calendar adjusted data,Total employment domestic concept,Spain,2021-Q1,7884543,,
ESTAT:NAMQ_10_A10_E(1.0),31/01/25 11:00:00,Quarterly,Thousand hours worked,Total - all NACE activities,Seasonally and calendar adjusted data,Total employment domestic concept,Spain,2021-Q2,8269272,,
ESTAT:NAMQ_10_A10_E(1.0),31/01/25 11:00:00,Quarterly,Thousand hours worked,Total - all NACE activities,Seasonally and calendar adjusted data,Total employment domestic concept,Spain,2021-Q3,8292417,,
ESTAT:NAMQ_10_A10_E(1.0),31/01/25 11:00:00,Quarterly,Thousand hours worked,Total - all NACE activities,Seasonally and calendar adjusted data,Total employment domestic concept,Spain,2021-Q4,8341691,,
ESTAT:NAMQ_10_A10_E(1.0),31/01/25 11:00:00,Quarterly,Thousand hours worked,Total - all NACE activities,Seasonally and calendar adjusted data,Total employment domestic concept,Spain,2022-Q1,8514014,p,
ESTAT:NAMQ_10_A10_E(1.0),31/01/25 11:00:00,Quarterly,Thousand hours worked,Total - all NACE activities,Seasonally and calendar adjusted data,Total employment domestic concept,Spain,2022-Q2,8597920,p,
ESTAT:NAMQ_10_A10_E(1.0),31/01/25 11:00:00,Quarterly,Thousand hours worked,Total - all NACE activities,Seasonally and calendar adjusted data,Total employment domestic concept,Spain,2022-Q3,8626372,p,
ESTAT:NAMQ_10_A10_E(1.0),31/01/25 11:00:00,Quarterly,Thousand hours worked,Total - all NACE activities,Seasonally and calendar adjusted data,Total employment domestic concept,Spain,2022-Q4,8609590,p,
ESTAT:NAMQ_10_A10_E(1.0),31/01/25 11:00:00,Quarterly,Thousand hours worked,Total - all NACE activities,Seasonally and calendar adjusted data,Total employment domestic concept,Spain,2023-Q1,8716956,p,
ESTAT:NAMQ_10_A10_E(1.0),31/01/25 11:00:00,Quarterly,Thousand hours worked,Total - all NACE activities,Seasonally and calendar adjusted data,Total employment domestic concept,Spain,2023-Q2,8674380,p,
ESTAT:NAMQ_10_A10_E(1.0),31/01/25 11:00:00,Quarterly,Thousand hours worked,Total - all NACE activities,Seasonally and calendar adjusted data,Total employment domestic concept,Spain,2023-Q3,8812126,p,
ESTAT:NAMQ_10_A10_E(1.0),31/01/25 11:00:00,Quarterly,Thousand hours worked,Total - all NACE activities,Seasonally and calendar adjusted data,Total employment domestic concept,Spain,2023-Q4,8848178,p,
ESTAT:NAMQ_10_A10_E(1.0),31/01/25 11:00:00,Quarterly,Thousand hours worked,Total - all NACE activities,Seasonally and calendar adjusted data,Total employment domestic concept,Spain,2024-Q1,8809243,p,
ESTAT:NAMQ_10_A10_E(1.0),31/01/25 11:00:00,Quarterly,Thousand hours worked,Total - all NACE activities,Seasonally and calendar adjusted data,Total employment domestic concept,Spain,2024-Q2,8896548,p,
ESTAT:NAMQ_10_A10_E(1.0),31/01/25 11:00:00,Quarterly,Thousand hours worked,Total - all NACE activities,Seasonally and calendar adjusted data,Total employment domestic concept,Spain,2024-Q3,8930505,p,
ESTAT:NAMQ_10_A10_E(1.0),31/01/25 11:00:00,Quarterly,Thousand hours worked,Total - all NACE activities,Seasonally and calendar adjusted data,Total employment domestic concept,Spain,2024-Q4,9094908,p,
ESTAT:NAMQ_10_A10_E(1.0),31/01/25 11:00:00,Quarterly,Thousand hours worked,Total - all NACE activities,Seasonally and calendar adjusted data,Total employment domestic concept,France,1997-Q1,9433100,,
ESTAT:NAMQ_10_A10_E(1.0),31/01/25 11:00:00,Quarterly,Thousand hours worked,Total - all NACE activities,Seasonally and calendar adjusted data,Total employment domestic concept,France,1997-Q2,9450600,,
ESTAT:NAMQ_10_A10_E(1.0),31/01/25 11:00:00,Quarterly,Thousand hours worked,Total - all NACE activities,Seasonally and calendar adjusted data,Total employment domestic concept,France,1997-Q3,9466800,,
ESTAT:NAMQ_10_A10_E(1.0),31/01/25 11:00:00,Quarterly,Thousand hours worked,Total - all NACE activities,Seasonally and calendar adjusted data,Total employment domestic concept,France,1997-Q4,9485700,,
ESTAT:NAMQ_10_A10_E(1.0),31/01/25 11:00:00,Quarterly,Thousand hours worked,Total - all NACE activities,Seasonally and calendar adjusted data,Total employment domestic concept,France,1998-Q1,9510700,,
ESTAT:NAMQ_10_A10_E(1.0),31/01/25 11:00:00,Quarterly,Thousand hours worked,Total - all NACE activities,Seasonally and calendar adjusted data,Total employment domestic concept,France,1998-Q2,9545400,,
ESTAT:NAMQ_10_A10_E(1.0),31/01/25 11:00:00,Quarterly,Thousand hours worked,Total - all NACE activities,Seasonally and calendar adjusted data,Total employment domestic concept,France,1998-Q3,9599800,,
ESTAT:NAMQ_10_A10_E(1.0),31/01/25 11:00:00,Quarterly,Thousand hours worked,Total - all NACE activities,Seasonally and calendar adjusted data,Total employment domestic concept,France,1998-Q4,9626900,,
ESTAT:NAMQ_10_A10_E(1.0),31/01/25 11:00:00,Quarterly,Thousand hours worked,Total - all NACE activities,Seasonally and calendar adjusted data,Total employment domestic concept,France,1999-Q1,9672100,,
ESTAT:NAMQ_10_A10_E(1.0),31/01/25 11:00:00,Quarterly,Thousand hours worked,Total - all NACE activities,Seasonally and calendar adjusted data,Total employment domestic concept,France,1999-Q2,9759000,,
ESTAT:NAMQ_10_A10_E(1.0),31/01/25 11:00:00,Quarterly,Thousand hours worked,Total - all NACE activities,Seasonally and calendar adjusted data,Total employment domestic concept,France,1999-Q3,9816000,,
ESTAT:NAMQ_10_A10_E(1.0),31/01/25 11:00:00,Quarterly,Thousand hours worked,Total - all NACE activities,Seasonally and calendar adjusted data,Total employment domestic concept,France,1999-Q4,9860100,,
ESTAT:NAMQ_10_A10_E(1.0),31/01/25 11:00:00,Quarterly,Thousand hours worked,Total - all NACE activities,Seasonally and calendar adjusted data,Total employment domestic concept,France,2000-Q1,9875700,,
ESTAT:NAMQ_10_A10_E(1.0),31/01/25 11:00:00,Quarterly,Thousand hours worked,Total - all NACE activities,Seasonally and calendar adjusted data,Total employment domestic concept,France,2000-Q2,9910000,,
ESTAT:NAMQ_10_A10_E(1.0),31/01/25 11:00:00,Quarterly,Thousand hours worked,Total - all NACE activities,Seasonally and calendar adjusted data,Total employment domestic concept,France,2000-Q3,9973600,,
ESTAT:NAMQ_10_A10_E(1.0),31/01/25 11:00:00,Quarterly,Thousand hours worked,Total - all NACE activities,Seasonally and calendar adjusted data,Total employment domestic concept,France,2000-Q4,10023100,,
ESTAT:NAMQ_10_A10_E(1.0),31/01/25 11:00:00,Quarterly,Thousand hours worked,Total - all NACE activities,Seasonally and calendar adjusted data,Total employment domestic concept,France,2001-Q1,9985000,,
ESTAT:NAMQ_10_A10_E(1.0),31/01/25 11:00:00,Quarterly,Thousand hours worked,Total - all NACE activities,Seasonally and calendar adjusted data,Total employment domestic concept,France,2001-Q2,9941200,,
ESTAT:NAMQ_10_A10_E(1.0),31/01/25 11:00:00,Quarterly,Thousand hours worked,Total - all NACE activities,Seasonally and calendar adjusted data,Total employment domestic concept,France,2001-Q3,9904900,,
ESTAT:NAMQ_10_A10_E(1.0),31/01/25 11:00:00,Quarterly,Thousand hours worked,Total - all NACE activities,Seasonally and calendar adjusted data,Total employment domestic concept,France,2001-Q4,9887200,,
ESTAT:NAMQ_10_A10_E(1.0),31/01/25 11:00:00,Quarterly,Thousand hours worked,Total - all NACE activities,Seasonally and calendar adjusted data,Total employment domestic concept,France,2002-Q1,9823600,,
ESTAT:NAMQ_10_A10_E(1.0),31/01/25 11:00:00,Quarterly,Thousand hours worked,Total - all NACE activities,Seasonally and calendar adjusted data,Total employment domestic concept,France,2002-Q2,9774900,,
ESTAT:NAMQ_10_A10_E(1.0),31/01/25 11:00:00,Quarterly,Thousand hours worked,Total - all NACE activities,Seasonally and calendar adjusted data,Total employment domestic concept,France,2002-Q3,9769500,,
ESTAT:NAMQ_10_A10_E(1.0),31/01/25 11:00:00,Quarterly,Thousand hours worked,Total - all NACE activities,Seasonally and calendar adjusted data,Total employment domestic concept,France,2002-Q4,9784100,,
ESTAT:NAMQ_10_A10_E(1.0),31/01/25 11:00:00,Quarterly,Thousand hours worked,Total - all NACE activities,Seasonally and calendar adjusted data,Total employment domestic concept,France,2003-Q1,9809300,,
ESTAT:NAMQ_10_A10_E(1.0),31/01/25 11:00:00,Quarterly,Thousand hours worked,Total - all NACE activities,Seasonally and calendar adjusted data,Total employment domestic concept,France,2003-Q2,9815400,,
ESTAT:NAMQ_10_A10_E(1.0),31/01/25 11:00:00,Quarterly,Thousand hours worked,Total - all NACE activities,Seasonally and calendar adjusted data,Total employment domestic concept,France,2003-Q3,9823600,,
ESTAT:NAMQ_10_A10_E(1.0),31/01/25 11:00:00,Quarterly,Thousand hours worked,Total - all NACE activities,Seasonally and calendar adjusted data,Total employment domestic concept,France,2003-Q4,9829600,,
ESTAT:NAMQ_10_A10_E(1.0),31/01/25 11:00:00,Quarterly,Thousand hours worked,Total - all NACE activities,Seasonally and calendar adjusted data,Total employment domestic concept,France,2004-Q1,9832000,,
ESTAT:NAMQ_10_A10_E(1.0),31/01/25 11:00:00,Quarterly,Thousand hours worked,Total - all NACE activities,Seasonally and calendar adjusted data,Total employment domestic concept,France,2004-Q2,9847200,,
ESTAT:NAMQ_10_A10_E(1.0),31/01/25 11:00:00,Quarterly,Thousand hours worked,Total - all NACE activities,Seasonally and calendar adjusted data,Total employment domestic concept,France,2004-Q3,9872500,,
ESTAT:NAMQ_10_A10_E(1.0),31/01/25 11:00:00,Quarterly,Thousand hours worked,Total - all NACE activities,Seasonally and calendar adjusted data,Total employment domestic concept,France,2004-Q4,9902000,,
ESTAT:NAMQ_10_A10_E(1.0),31/01/25 11:00:00,Quarterly,Thousand hours worked,Total - all NACE activities,Seasonally and calendar adjusted data,Total employment domestic concept,France,2005-Q1,9990100,,
ESTAT:NAMQ_10_A10_E(1.0),31/01/25 11:00:00,Quarterly,Thousand hours worked,Total - all NACE activities,Seasonally and calendar adjusted data,Total employment domestic concept,France,2005-Q2,10018400,,
ESTAT:NAMQ_10_A10_E(1.0),31/01/25 11:00:00,Quarterly,Thousand hours worked,Total - all NACE activities,Seasonally and calendar adjusted data,Total employment domestic concept,France,2005-Q3,10042600,,
ESTAT:NAMQ_10_A10_E(1.0),31/01/25 11:00:00,Quarterly,Thousand hours worked,Total - all NACE activities,Seasonally and calendar adjusted data,Total employment domestic concept,France,2005-Q4,10054200,,
ESTAT:NAMQ_10_A10_E(1.0),31/01/25 11:00:00,Quarterly,Thousand hours worked,Total - all NACE activities,Seasonally and calendar adjusted data,Total employment domestic concept,France,2006-Q1,10044800,,
ESTAT:NAMQ_10_A10_E(1.0),31/01/25 11:00:00,Quarterly,Thousand hours worked,Total - all NACE activities,Seasonally and calendar adjusted data,Total employment domestic concept,France,2006-Q2,10071900,,
ESTAT:NAMQ_10_A10_E(1.0),31/01/25 11:00:00,Quarterly,Thousand hours worked,Total - all NACE activities,Seasonally and calendar adjusted data,Total employment domestic concept,France,2006-Q3,10119000,,
ESTAT:NAMQ_10_A10_E(1.0),31/01/25 11:00:00,Quarterly,Thousand hours worked,Total - all NACE activities,Seasonally and calendar adjusted data,Total employment domestic concept,France,2006-Q4,10184000,,
ESTAT:NAMQ_10_A10_E(1.0),31/01/25 11:00:00,Quarterly,Thousand hours worked,Total - all NACE activities,Seasonally and calendar adjusted data,Total employment domestic concept,France,2007-Q1,10277700,,
ESTAT:NAMQ_10_A10_E(1.0),31/01/25 11:00:00,Quarterly,Thousand hours worked,Total - all NACE activities,Seasonally and calendar adjusted data,Total employment domestic concept,France,2007-Q2,10344600,,
ESTAT:NAMQ_10_A10_E(1.0),31/01/25 11:00:00,Quarterly,Thousand hours worked,Total - all NACE activities,Seasonally and calendar adjusted data,Total employment domestic concept,France,2007-Q3,10395800,,
ESTAT:NAMQ_10_A10_E(1.0),31/01/25 11:00:00,Quarterly,Thousand hours worked,Total - all NACE activities,Seasonally and calendar adjusted data,Total employment domestic concept,France,2007-Q4,10414400,,
ESTAT:NAMQ_10_A10_E(1.0),31/01/25 11:00:00,Quarterly,Thousand hours worked,Total - all NACE activities,Seasonally and calendar adjusted data,Total employment domestic concept,France,2008-Q1,10408500,,
ESTAT:NAMQ_10_A10_E(1.0),31/01/25 11:00:00,Quarterly,Thousand hours worked,Total - all NACE activities,Seasonally and calendar adjusted data,Total employment domestic concept,France,2008-Q2,10397100,,
ESTAT:NAMQ_10_A10_E(1.0),31/01/25 11:00:00,Quarterly,Thousand hours worked,Total - all NACE activities,Seasonally and calendar adjusted data,Total employment domestic concept,France,2008-Q3,10386700,,
ESTAT:NAMQ_10_A10_E(1.0),31/01/25 11:00:00,Quarterly,Thousand hours worked,Total - all NACE activities,Seasonally and calendar adjusted data,Total employment domestic concept,France,2008-Q4,10352100,,
ESTAT:NAMQ_10_A10_E(1.0),31/01/25 11:00:00,Quarterly,Thousand hours worked,Total - all NACE activities,Seasonally and calendar adjusted data,Total employment domestic concept,France,2009-Q1,10287600,,
ESTAT:NAMQ_10_A10_E(1.0),31/01/25 11:00:00,Quarterly,Thousand hours worked,Total - all NACE activities,Seasonally and calendar adjusted data,Total employment domestic concept,France,2009-Q2,10239200,,
ESTAT:NAMQ_10_A10_E(1.0),31/01/25 11:00:00,Quarterly,Thousand hours worked,Total - all NACE activities,Seasonally and calendar adjusted data,Total employment domestic concept,France,2009-Q3,10225100,,
ESTAT:NAMQ_10_A10_E(1.0),31/01/25 11:00:00,Quarterly,Thousand hours worked,Total - all NACE activities,Seasonally and calendar adjusted data,Total employment domestic concept,France,2009-Q4,10224800,,
ESTAT:NAMQ_10_A10_E(1.0),31/01/25 11:00:00,Quarterly,Thousand hours worked,Total - all NACE activities,Seasonally and calendar adjusted data,Total employment domestic concept,France,2010-Q1,10205300,,
ESTAT:NAMQ_10_A10_E(1.0),31/01/25 11:00:00,Quarterly,Thousand hours worked,Total - all NACE activities,Seasonally and calendar adjusted data,Total employment domestic concept,France,2010-Q2,10250300,,
ESTAT:NAMQ_10_A10_E(1.0),31/01/25 11:00:00,Quarterly,Thousand hours worked,Total - all NACE activities,Seasonally and calendar adjusted data,Total employment domestic concept,France,2010-Q3,10260800,,
ESTAT:NAMQ_10_A10_E(1.0),31/01/25 11:00:00,Quarterly,Thousand hours worked,Total - all NACE activities,Seasonally and calendar adjusted data,Total employment domestic concept,France,2010-Q4,10310300,,
ESTAT:NAMQ_10_A10_E(1.0),31/01/25 11:00:00,Quarterly,Thousand hours worked,Total - all NACE activities,Seasonally and calendar adjusted data,Total employment domestic concept,France,2011-Q1,10359000,,
ESTAT:NAMQ_10_A10_E(1.0),31/01/25 11:00:00,Quarterly,Thousand hours worked,Total - all NACE activities,Seasonally and calendar adjusted data,Total employment domestic concept,France,2011-Q2,10387800,,
ESTAT:NAMQ_10_A10_E(1.0),31/01/25 11:00:00,Quarterly,Thousand hours worked,Total - all NACE activities,Seasonally and calendar adjusted data,Total employment domestic concept,France,2011-Q3,10393000,,
ESTAT:NAMQ_10_A10_E(1.0),31/01/25 11:00:00,Quarterly,Thousand hours worked,Total - all NACE activities,Seasonally and calendar adjusted data,Total employment domestic concept,France,2011-Q4,10394700,,
ESTAT:NAMQ_10_A10_E(1.0),31/01/25 11:00:00,Quarterly,Thousand hours worked,Total - all NACE activities,Seasonally and calendar adjusted data,Total employment domestic concept,France,2012-Q1,10403500,,
ESTAT:NAMQ_10_A10_E(1.0),31/01/25 11:00:00,Quarterly,Thousand hours worked,Total - all NACE activities,Seasonally and calendar adjusted data,Total employment domestic concept,France,2012-Q2,10383400,,
ESTAT:NAMQ_10_A10_E(1.0),31/01/25 11:00:00,Quarterly,Thousand hours worked,Total - all NACE activities,Seasonally and calendar adjusted data,Total employment domestic concept,France,2012-Q3,10373300,,
ESTAT:NAMQ_10_A10_E(1.0),31/01/25 11:00:00,Quarterly,Thousand hours worked,Total - all NACE activities,Seasonally and calendar adjusted data,Total employment domestic concept,France,2012-Q4,10361700,,
ESTAT:NAMQ_10_A10_E(1.0),31/01/25 11:00:00,Quarterly,Thousand hours worked,Total - all NACE activities,Seasonally and calendar adjusted data,Total employment domestic concept,France,2013-Q1,10366700,,
ESTAT:NAMQ_10_A10_E(1.0),31/01/25 11:00:00,Quarterly,Thousand hours worked,Total - all NACE activities,Seasonally and calendar adjusted data,Total employment domestic concept,France,2013-Q2,10360600,,
ESTAT:NAMQ_10_A10_E(1.0),31/01/25 11:00:00,Quarterly,Thousand hours worked,Total - all NACE activities,Seasonally and calendar adjusted data,Total employment domestic concept,France,2013-Q3,10377600,,
ESTAT:NAMQ_10_A10_E(1.0),31/01/25 11:00:00,Quarterly,Thousand hours worked,Total - all NACE activities,Seasonally and calendar adjusted data,Total employment domestic concept,France,2013-Q4,10386100,,
ESTAT:NAMQ_10_A10_E(1.0),31/01/25 11:00:00,Quarterly,Thousand hours worked,Total - all NACE activities,Seasonally and calendar adjusted data,Total employment domestic concept,France,2014-Q1,10384400,,
ESTAT:NAMQ_10_A10_E(1.0),31/01/25 11:00:00,Quarterly,Thousand hours worked,Total - all NACE activities,Seasonally and calendar adjusted data,Total employment domestic concept,France,2014-Q2,10378200,,
ESTAT:NAMQ_10_A10_E(1.0),31/01/25 11:00:00,Quarterly,Thousand hours worked,Total - all NACE activities,Seasonally and calendar adjusted data,Total employment domestic concept,France,2014-Q3,10376500,,
ESTAT:NAMQ_10_A10_E(1.0),31/01/25 11:00:00,Quarterly,Thousand hours worked,Total - all NACE activities,Seasonally and calendar adjusted data,Total employment domestic concept,France,2014-Q4,10360700,,
ESTAT:NAMQ_10_A10_E(1.0),31/01/25 11:00:00,Quarterly,Thousand hours worked,Total - all NACE activities,Seasonally and calendar adjusted data,Total employment domestic concept,France,2015-Q1,10359800,,
ESTAT:NAMQ_10_A10_E(1.0),31/01/25 11:00:00,Quarterly,Thousand hours worked,Total - all NACE activities,Seasonally and calendar adjusted data,Total employment domestic concept,France,2015-Q2,10355700,,
ESTAT:NAMQ_10_A10_E(1.0),31/01/25 11:00:00,Quarterly,Thousand hours worked,Total - all NACE activities,Seasonally and calendar adjusted data,Total employment domestic concept,France,2015-Q3,10373700,,
ESTAT:NAMQ_10_A10_E(1.0),31/01/25 11:00:00,Quarterly,Thousand hours worked,Total - all NACE activities,Seasonally and calendar adjusted data,Total employment domestic concept,France,2015-Q4,10380200,,
ESTAT:NAMQ_10_A10_E(1.0),31/01/25 11:00:00,Quarterly,Thousand hours worked,Total - all NACE activities,Seasonally and calendar adjusted data,Total employment domestic concept,France,2016-Q1,10379400,,
ESTAT:NAMQ_10_A10_E(1.0),31/01/25 11:00:00,Quarterly,Thousand hours worked,Total - all NACE activities,Seasonally and calendar adjusted data,Total employment domestic concept,France,2016-Q2,10403000,,
ESTAT:NAMQ_10_A10_E(1.0),31/01/25 11:00:00,Quarterly,Thousand hours worked,Total - all NACE activities,Seasonally and calendar adjusted data,Total employment domestic concept,France,2016-Q3,10413100,,
ESTAT:NAMQ_10_A10_E(1.0),31/01/25 11:00:00,Quarterly,Thousand hours worked,Total - all NACE activities,Seasonally and calendar adjusted data,Total employment domestic concept,France,2016-Q4,10424500,,
ESTAT:NAMQ_10_A10_E(1.0),31/01/25 11:00:00,Quarterly,Thousand hours worked,Total - all NACE activities,Seasonally and calendar adjusted data,Total employment domestic concept,France,2017-Q1,10470500,,
ESTAT:NAMQ_10_A10_E(1.0),31/01/25 11:00:00,Quarterly,Thousand hours worked,Total - all NACE activities,Seasonally and calendar adjusted data,Total employment domestic concept,France,2017-Q2,10507500,,
ESTAT:NAMQ_10_A10_E(1.0),31/01/25 11:00:00,Quarterly,Thousand hours worked,Total - all NACE activities,Seasonally and calendar adjusted data,Total employment domestic concept,France,2017-Q3,10519900,,
ESTAT:NAMQ_10_A10_E(1.0),31/01/25 11:00:00,Quarterly,Thousand hours worked,Total - all NACE activities,Seasonally and calendar adjusted data,Total employment domestic concept,France,2017-Q4,10558300,,
ESTAT:NAMQ_10_A10_E(1.0),31/01/25 11:00:00,Quarterly,Thousand hours worked,Total - all NACE activities,Seasonally and calendar adjusted data,Total employment domestic concept,France,2018-Q1,10592400,,
ESTAT:NAMQ_10_A10_E(1.0),31/01/25 11:00:00,Quarterly,Thousand hours worked,Total - all NACE activities,Seasonally and calendar adjusted data,Total employment domestic concept,France,2018-Q2,10610400,,
ESTAT:NAMQ_10_A10_E(1.0),31/01/25 11:00:00,Quarterly,Thousand hours worked,Total - all NACE activities,Seasonally and calendar adjusted data,Total employment domestic concept,France,2018-Q3,10647100,,
ESTAT:NAMQ_10_A10_E(1.0),31/01/25 11:00:00,Quarterly,Thousand hours worked,Total - all NACE activities,Seasonally and calendar adjusted data,Total employment domestic concept,France,2018-Q4,10679500,,
ESTAT:NAMQ_10_A10_E(1.0),31/01/25 11:00:00,Quarterly,Thousand hours worked,Total - all NACE activities,Seasonally and calendar adjusted data,Total employment domestic concept,France,2019-Q1,10764400,,
ESTAT:NAMQ_10_A10_E(1.0),31/01/25 11:00:00,Quarterly,Thousand hours worked,Total - all NACE activities,Seasonally and calendar adjusted data,Total employment domestic concept,France,2019-Q2,10816500,,
ESTAT:NAMQ_10_A10_E(1.0),31/01/25 11:00:00,Quarterly,Thousand hours worked,Total - all NACE activities,Seasonally and calendar adjusted data,Total employment domestic concept,France,2019-Q3,10848500,,
ESTAT:NAMQ_10_A10_E(1.0),31/01/25 11:00:00,Quarterly,Thousand hours worked,Total - all NACE activities,Seasonally and calendar adjusted data,Total employment domestic concept,France,2019-Q4,10870300,,
ESTAT:NAMQ_10_A10_E(1.0),31/01/25 11:00:00,Quarterly,Thousand hours worked,Total - all NACE activities,Seasonally and calendar adjusted data,Total employment domestic concept,France,2020-Q1,10472900,,
ESTAT:NAMQ_10_A10_E(1.0),31/01/25 11:00:00,Quarterly,Thousand hours worked,Total - all NACE activities,Seasonally and calendar adjusted data,Total employment domestic concept,France,2020-Q2,8561800,,
ESTAT:NAMQ_10_A10_E(1.0),31/01/25 11:00:00,Quarterly,Thousand hours worked,Total - all NACE activities,Seasonally and calendar adjusted data,Total employment domestic concept,France,2020-Q3,10446200,,
ESTAT:NAMQ_10_A10_E(1.0),31/01/25 11:00:00,Quarterly,Thousand hours worked,Total - all NACE activities,Seasonally and calendar adjusted data,Total employment domestic concept,France,2020-Q4,10231800,,
ESTAT:NAMQ_10_A10_E(1.0),31/01/25 11:00:00,Quarterly,Thousand hours worked,Total - all NACE activities,Seasonally and calendar adjusted data,Total employment domestic concept,France,2021-Q1,10340100,,
ESTAT:NAMQ_10_A10_E(1.0),31/01/25 11:00:00,Quarterly,Thousand hours worked,Total - all NACE activities,Seasonally and calendar adjusted data,Total employment domestic concept,France,2021-Q2,10499200,,
ESTAT:NAMQ_10_A10_E(1.0),31/01/25 11:00:00,Quarterly,Thousand hours worked,Total - all NACE activities,Seasonally and calendar adjusted data,Total employment domestic concept,France,2021-Q3,11015500,,
ESTAT:NAMQ_10_A10_E(1.0),31/01/25 11:00:00,Quarterly,Thousand hours worked,Total - all NACE activities,Seasonally and calendar adjusted data,Total employment domestic concept,France,2021-Q4,11124100,,
ESTAT:NAMQ_10_A10_E(1.0),31/01/25 11:00:00,Quarterly,Thousand hours worked,Total - all NACE activities,Seasonally and calendar adjusted data,Total employment domestic concept,France,2022-Q1,11068000,,
ESTAT:NAMQ_10_A10_E(1.0),31/01/25 11:00:00,Quarterly,Thousand hours worked,Total - all NACE activities,Seasonally and calendar adjusted data,Total employment domestic concept,France,2022-Q2,11201800,,
ESTAT:NAMQ_10_A10_E(1.0),31/01/25 11:00:00,Quarterly,Thousand hours worked,Total - all NACE activities,Seasonally and calendar adjusted data,Total employment domestic concept,France,2022-Q3,11226300,,
ESTAT:NAMQ_10_A10_E(1.0),31/01/25 11:00:00,Quarterly,Thousand hours worked,Total - all NACE activities,Seasonally and calendar adjusted data,Total employment domestic concept,France,2022-Q4,11289100,,
ESTAT:NAMQ_10_A10_E(1.0),31/01/25 11:00:00,Quarterly,Thousand hours worked,Total - all NACE activities,Seasonally and calendar adjusted data,Total employment domestic concept,France,2023-Q1,11355200,,
ESTAT:NAMQ_10_A10_E(1.0),31/01/25 11:00:00,Quarterly,Thousand hours worked,Total - all NACE activities,Seasonally and calendar adjusted data,Total employment domestic concept,France,2023-Q2,11397300,,
ESTAT:NAMQ_10_A10_E(1.0),31/01/25 11:00:00,Quarterly,Thousand hours worked,Total - all NACE activities,Seasonally and calendar adjusted data,Total employment domestic concept,France,2023-Q3,11414000,,
ESTAT:NAMQ_10_A10_E(1.0),31/01/25 11:00:00,Quarterly,Thousand hours worked,Total - all NACE activities,Seasonally and calendar adjusted data,Total employment domestic concept,France,2023-Q4,11435000,,
ESTAT:NAMQ_10_A10_E(1.0),31/01/25 11:00:00,Quarterly,Thousand hours worked,Total - all NACE activities,Seasonally and calendar adjusted data,Total employment domestic concept,France,2024-Q1,11436800,,
ESTAT:NAMQ_10_A10_E(1.0),31/01/25 11:00:00,Quarterly,Thousand hours worked,Total - all NACE activities,Seasonally and calendar adjusted data,Total employment domestic concept,France,2024-Q2,11438100,,
ESTAT:NAMQ_10_A10_E(1.0),31/01/25 11:00:00,Quarterly,Thousand hours worked,Total - all NACE activities,Seasonally and calendar adjusted data,Total employment domestic concept,France,2024-Q3,11440900,,
ESTAT:NAMQ_10_A10_E(1.0),31/01/25 11:00:00,Quarterly,Thousand hours worked,Total - all NACE activities,Seasonally and calendar adjusted data,Total employment domestic concept,Italy,1997-Q1,9923162,,
ESTAT:NAMQ_10_A10_E(1.0),31/01/25 11:00:00,Quarterly,Thousand hours worked,Total - all NACE activities,Seasonally and calendar adjusted data,Total employment domestic concept,Italy,1997-Q2,10102594,,
ESTAT:NAMQ_10_A10_E(1.0),31/01/25 11:00:00,Quarterly,Thousand hours worked,Total - all NACE activities,Seasonally and calendar adjusted data,Total employment domestic concept,Italy,1997-Q3,10082283,,
ESTAT:NAMQ_10_A10_E(1.0),31/01/25 11:00:00,Quarterly,Thousand hours worked,Total - all NACE activities,Seasonally and calendar adjusted data,Total employment domestic concept,Italy,1997-Q4,10105109,,
ESTAT:NAMQ_10_A10_E(1.0),31/01/25 11:00:00,Quarterly,Thousand hours worked,Total - all NACE activities,Seasonally and calendar adjusted data,Total employment domestic concept,Italy,1998-Q1,10127054,,
ESTAT:NAMQ_10_A10_E(1.0),31/01/25 11:00:00,Quarterly,Thousand hours worked,Total - all NACE activities,Seasonally and calendar adjusted data,Total employment domestic concept,Italy,1998-Q2,10209936,,
ESTAT:NAMQ_10_A10_E(1.0),31/01/25 11:00:00,Quarterly,Thousand hours worked,Total - all NACE activities,Seasonally and calendar adjusted data,Total employment domestic concept,Italy,1998-Q3,10202208,,
ESTAT:NAMQ_10_A10_E(1.0),31/01/25 11:00:00,Quarterly,Thousand hours worked,Total - all NACE activities,Seasonally and calendar adjusted data,Total employment domestic concept,Italy,1998-Q4,10233288,,
ESTAT:NAMQ_10_A10_E(1.0),31/01/25 11:00:00,Quarterly,Thousand hours worked,Total - all NACE activities,Seasonally and calendar adjusted data,Total employment domestic concept,Italy,1999-Q1,10136772,,
ESTAT:NAMQ_10_A10_E(1.0),31/01/25 11:00:00,Quarterly,Thousand hours worked,Total - all NACE activities,Seasonally and calendar adjusted data,Total employment domestic concept,Italy,1999-Q2,10322885,,
ESTAT:NAMQ_10_A10_E(1.0),31/01/25 11:00:00,Quarterly,Thousand hours worked,Total - all NACE activities,Seasonally and calendar adjusted data,Total employment domestic concept,Italy,1999-Q3,10295402,,
ESTAT:NAMQ_10_A10_E(1.0),31/01/25 11:00:00,Quarterly,Thousand hours worked,Total - all NACE activities,Seasonally and calendar adjusted data,Total employment domestic concept,Italy,1999-Q4,10359915,,
ESTAT:NAMQ_10_A10_E(1.0),31/01/25 11:00:00,Quarterly,Thousand hours worked,Total - all NACE activities,Seasonally and calendar adjusted data,Total employment domestic concept,Italy,2000-Q1,10407969,,
ESTAT:NAMQ_10_A10_E(1.0),31/01/25 11:00:00,Quarterly,Thousand hours worked,Total - all NACE activities,Seasonally and calendar adjusted data,Total employment domestic concept,Italy,2000-Q2,10433123,,
ESTAT:NAMQ_10_A10_E(1.0),31/01/25 11:00:00,Quarterly,Thousand hours worked,Total - all NACE activities,Seasonally and calendar adjusted data,Total employment domestic concept,Italy,2000-Q3,10499454,,
ESTAT:NAMQ_10_A10_E(1.0),31/01/25 11:00:00,Quarterly,Thousand hours worked,Total - all NACE activities,Seasonally and calendar adjusted data,Total employment domestic concept,Italy,2000-Q4,10492843,,
ESTAT:NAMQ_10_A10_E(1.0),31/01/25 11:00:00,Quarterly,Thousand hours worked,Total - all NACE activities,Seasonally and calendar adjusted data,Total employment domestic concept,Italy,2001-Q1,10620522,,
ESTAT:NAMQ_10_A10_E(1.0),31/01/25 11:00:00,Quarterly,Thousand hours worked,Total - all NACE activities,Seasonally and calendar adjusted data,Total employment domestic concept,Italy,2001-Q2,10514182,,
ESTAT:NAMQ_10_A10_E(1.0),31/01/25 11:00:00,Quarterly,Thousand hours worked,Total - all NACE activities,Seasonally and calendar adjusted data,Total employment domestic concept,Italy,2001-Q3,10518129,,
ESTAT:NAMQ_10_A10_E(1.0),31/01/25 11:00:00,Quarterly,Thousand hours worked,Total - all NACE activities,Seasonally and calendar adjusted data,Total employment domestic concept,Italy,2001-Q4,10597731,,
ESTAT:NAMQ_10_A10_E(1.0),31/01/25 11:00:00,Quarterly,Thousand hours worked,Total - all NACE activities,Seasonally and calendar adjusted data,Total employment domestic concept,Italy,2002-Q1,10612073,,
ESTAT:NAMQ_10_A10_E(1.0),31/01/25 11:00:00,Quarterly,Thousand hours worked,Total - all NACE activities,Seasonally and calendar adjusted data,Total employment domestic concept,Italy,2002-Q2,10656841,,
ESTAT:NAMQ_10_A10_E(1.0),31/01/25 11:00:00,Quarterly,Thousand hours worked,Total - all NACE activities,Seasonally and calendar adjusted data,Total employment domestic concept,Italy,2002-Q3,10667657,,
ESTAT:NAMQ_10_A10_E(1.0),31/01/25 11:00:00,Quarterly,Thousand hours worked,Total - all NACE activities,Seasonally and calendar adjusted data,Total employment domestic concept,Italy,2002-Q4,10677519,,
ESTAT:NAMQ_10_A10_E(1.0),31/01/25 11:00:00,Quarterly,Thousand hours worked,Total - all NACE activities,Seasonally and calendar adjusted data,Total employment domestic concept,Italy,2003-Q1,10757031,,
ESTAT:NAMQ_10_A10_E(1.0),31/01/25 11:00:00,Quarterly,Thousand hours worked,Total - all NACE activities,Seasonally and calendar adjusted data,Total employment domestic concept,Italy,2003-Q2,10756016,,
ESTAT:NAMQ_10_A10_E(1.0),31/01/25 11:00:00,Quarterly,Thousand hours worked,Total - all NACE activities,Seasonally and calendar adjusted data,Total employment domestic concept,Italy,2003-Q3,10729796,,
ESTAT:NAMQ_10_A10_E(1.0),31/01/25 11:00:00,Quarterly,Thousand hours worked,Total - all NACE activities,Seasonally and calendar adjusted data,Total employment domestic concept,Italy,2003-Q4,10793314,,
ESTAT:NAMQ_10_A10_E(1.0),31/01/25 11:00:00,Quarterly,Thousand hours worked,Total - all NACE activities,Seasonally and calendar adjusted data,Total employment domestic concept,Italy,2004-Q1,10739101,,
ESTAT:NAMQ_10_A10_E(1.0),31/01/25 11:00:00,Quarterly,Thousand hours worked,Total - all NACE activities,Seasonally and calendar adjusted data,Total employment domestic concept,Italy,2004-Q2,10700427,,
ESTAT:NAMQ_10_A10_E(1.0),31/01/25 11:00:00,Quarterly,Thousand hours worked,Total - all NACE activities,Seasonally and calendar adjusted data,Total employment domestic concept,Italy,2004-Q3,10744244,,
ESTAT:NAMQ_10_A10_E(1.0),31/01/25 11:00:00,Quarterly,Thousand hours worked,Total - all NACE activities,Seasonally and calendar adjusted data,Total employment domestic concept,Italy,2004-Q4,10767773,,
ESTAT:NAMQ_10_A10_E(1.0),31/01/25 11:00:00,Quarterly,Thousand hours worked,Total - all NACE activities,Seasonally and calendar adjusted data,Total employment domestic concept,Italy,2005-Q1,10789046,,
ESTAT:NAMQ_10_A10_E(1.0),31/01/25 11:00:00,Quarterly,Thousand hours worked,Total - all NACE activities,Seasonally and calendar adjusted data,Total employment domestic concept,Italy,2005-Q2,10851945,,
ESTAT:NAMQ_10_A10_E(1.0),31/01/25 11:00:00,Quarterly,Thousand hours worked,Total - all NACE activities,Seasonally and calendar adjusted data,Total employment domestic concept,Italy,2005-Q3,10767336,,
ESTAT:NAMQ_10_A10_E(1.0),31/01/25 11:00:00,Quarterly,Thousand hours worked,Total - all NACE activities,Seasonally and calendar adjusted data,Total employment domestic concept,Italy,2005-Q4,10899584,,
ESTAT:NAMQ_10_A10_E(1.0),31/01/25 11:00:00,Quarterly,Thousand hours worked,Total - all NACE activities,Seasonally and calendar adjusted data,Total employment domestic concept,Italy,2006-Q1,10961008,,
ESTAT:NAMQ_10_A10_E(1.0),31/01/25 11:00:00,Quarterly,Thousand hours worked,Total - all NACE activities,Seasonally and calendar adjusted data,Total employment domestic concept,Italy,2006-Q2,11069942,,
ESTAT:NAMQ_10_A10_E(1.0),31/01/25 11:00:00,Quarterly,Thousand hours worked,Total - all NACE activities,Seasonally and calendar adjusted data,Total employment domestic concept,Italy,2006-Q3,11100485,,
ESTAT:NAMQ_10_A10_E(1.0),31/01/25 11:00:00,Quarterly,Thousand hours worked,Total - all NACE activities,Seasonally and calendar adjusted data,Total employment domestic concept,Italy,2006-Q4,11198703,,
ESTAT:NAMQ_10_A10_E(1.0),31/01/25 11:00:00,Quarterly,Thousand hours worked,Total - all NACE activities,Seasonally and calendar adjusted data,Total employment domestic concept,Italy,2007-Q1,11144715,,
ESTAT:NAMQ_10_A10_E(1.0),31/01/25 11:00:00,Quarterly,Thousand hours worked,Total - all NACE activities,Seasonally and calendar adjusted data,Total employment domestic concept,Italy,2007-Q2,11157941,,
ESTAT:NAMQ_10_A10_E(1.0),31/01/25 11:00:00,Quarterly,Thousand hours worked,Total - all NACE activities,Seasonally and calendar adjusted data,Total employment domestic concept,Italy,2007-Q3,11268502,,
ESTAT:NAMQ_10_A10_E(1.0),31/01/25 11:00:00,Quarterly,Thousand hours worked,Total - all NACE activities,Seasonally and calendar adjusted data,Total employment domestic concept,Italy,2007-Q4,11236185,,
ESTAT:NAMQ_10_A10_E(1.0),31/01/25 11:00:00,Quarterly,Thousand hours worked,Total - all NACE activities,Seasonally and calendar adjusted data,Total employment domestic concept,Italy,2008-Q1,11293678,,
ESTAT:NAMQ_10_A10_E(1.0),31/01/25 11:00:00,Quarterly,Thousand hours worked,Total - all NACE activities,Seasonally and calendar adjusted data,Total employment domestic concept,Italy,2008-Q2,11192358,,
ESTAT:NAMQ_10_A10_E(1.0),31/01/25 11:00:00,Quarterly,Thousand hours worked,Total - all NACE activities,Seasonally and calendar adjusted data,Total employment domestic concept,Italy,2008-Q3,11155068,,
ESTAT:NAMQ_10_A10_E(1.0),31/01/25 11:00:00,Quarterly,Thousand hours worked,Total - all NACE activities,Seasonally and calendar adjusted data,Total employment domestic concept,Italy,2008-Q4,11030768,,
ESTAT:NAMQ_10_A10_E(1.0),31/01/25 11:00:00,Quarterly,Thousand hours worked,Total - all NACE activities,Seasonally and calendar adjusted data,Total employment domestic concept,Italy,2009-Q1,10843101,,
ESTAT:NAMQ_10_A10_E(1.0),31/01/25 11:00:00,Quarterly,Thousand hours worked,Total - all NACE activities,Seasonally and calendar adjusted data,Total employment domestic concept,Italy,2009-Q2,10777804,,
ESTAT:NAMQ_10_A10_E(1.0),31/01/25 11:00:00,Quarterly,Thousand hours worked,Total - all NACE activities,Seasonally and calendar adjusted data,Total employment domestic concept,Italy,2009-Q3,10708351,,
ESTAT:NAMQ_10_A10_E(1.0),31/01/25 11:00:00,Quarterly,Thousand hours worked,Total - all NACE activities,Seasonally and calendar adjusted data,Total employment domestic concept,Italy,2009-Q4,10705273,,
ESTAT:NAMQ_10_A10_E(1.0),31/01/25 11:00:00,Quarterly,Thousand hours worked,Total - all NACE activities,Seasonally and calendar adjusted data,Total employment domestic concept,Italy,2010-Q1,10767023,,
ESTAT:NAMQ_10_A10_E(1.0),31/01/25 11:00:00,Quarterly,Thousand hours worked,Total - all NACE activities,Seasonally and calendar adjusted data,Total employment domestic concept,Italy,2010-Q2,10660844,,
ESTAT:NAMQ_10_A10_E(1.0),31/01/25 11:00:00,Quarterly,Thousand hours worked,Total - all NACE activities,Seasonally and calendar adjusted data,Total employment domestic concept,Italy,2010-Q3,10636396,,
ESTAT:NAMQ_10_A10_E(1.0),31/01/25 11:00:00,Quarterly,Thousand hours worked,Total - all NACE activities,Seasonally and calendar adjusted data,Total employment domestic concept,Italy,2010-Q4,10666954,,
ESTAT:NAMQ_10_A10_E(1.0),31/01/25 11:00:00,Quarterly,Thousand hours worked,Total - all NACE activities,Seasonally and calendar adjusted data,Total employment domestic concept,Italy,2011-Q1,10761033,,
ESTAT:NAMQ_10_A10_E(1.0),31/01/25 11:00:00,Quarterly,Thousand hours worked,Total - all NACE activities,Seasonally and calendar adjusted data,Total employment domestic concept,Italy,2011-Q2,10754164,,
ESTAT:NAMQ_10_A10_E(1.0),31/01/25 11:00:00,Quarterly,Thousand hours worked,Total - all NACE activities,Seasonally and calendar adjusted data,Total employment domestic concept,Italy,2011-Q3,10729827,,
ESTAT:NAMQ_10_A10_E(1.0),31/01/25 11:00:00,Quarterly,Thousand hours worked,Total - all NACE activities,Seasonally and calendar adjusted data,Total employment domestic concept,Italy,2011-Q4,10669974,,
ESTAT:NAMQ_10_A10_E(1.0),31/01/25 11:00:00,Quarterly,Thousand hours worked,Total - all NACE activities,Seasonally and calendar adjusted data,Total employment domestic concept,Italy,2012-Q1,10528599,,
ESTAT:NAMQ_10_A10_E(1.0),31/01/25 11:00:00,Quarterly,Thousand hours worked,Total - all NACE activities,Seasonally and calendar adjusted data,Total employment domestic concept,Italy,2012-Q2,10511305,,
ESTAT:NAMQ_10_A10_E(1.0),31/01/25 11:00:00,Quarterly,Thousand hours worked,Total - all NACE activities,Seasonally and calendar adjusted data,Total employment domestic concept,Italy,2012-Q3,10473187,,
ESTAT:NAMQ_10_A10_E(1.0),31/01/25 11:00:00,Quarterly,Thousand hours worked,Total - all NACE activities,Seasonally and calendar adjusted data,Total employment domestic concept,Italy,2012-Q4,10320932,,
ESTAT:NAMQ_10_A10_E(1.0),31/01/25 11:00:00,Quarterly,Thousand hours worked,Total - all NACE activities,Seasonally and calendar adjusted data,Total employment domestic concept,Italy,2013-Q1,10192990,,
ESTAT:NAMQ_10_A10_E(1.0),31/01/25 11:00:00,Quarterly,Thousand hours worked,Total - all NACE activities,Seasonally and calendar adjusted data,Total employment domestic concept,Italy,2013-Q2,10173395,,
ESTAT:NAMQ_10_A10_E(1.0),31/01/25 11:00:00,Quarterly,Thousand hours worked,Total - all NACE activities,Seasonally and calendar adjusted data,Total employment domestic concept,Italy,2013-Q3,10195159,,
ESTAT:NAMQ_10_A10_E(1.0),31/01/25 11:00:00,Quarterly,Thousand hours worked,Total - all NACE activities,Seasonally and calendar adjusted data,Total employment domestic concept,Italy,2013-Q4,10170377,,
ESTAT:NAMQ_10_A10_E(1.0),31/01/25 11:00:00,Quarterly,Thousand hours worked,Total - all NACE activities,Seasonally and calendar adjusted data,Total employment domestic concept,Italy,2014-Q1,10194847,,
ESTAT:NAMQ_10_A10_E(1.0),31/01/25 11:00:00,Quarterly,Thousand hours worked,Total - all NACE activities,Seasonally and calendar adjusted data,Total employment domestic concept,Italy,2014-Q2,10181511,,
ESTAT:NAMQ_10_A10_E(1.0),31/01/25 11:00:00,Quarterly,Thousand hours worked,Total - all NACE activities,Seasonally and calendar adjusted data,Total employment domestic concept,Italy,2014-Q3,10198224,,
ESTAT:NAMQ_10_A10_E(1.0),31/01/25 11:00:00,Quarterly,Thousand hours worked,Total - all NACE activities,Seasonally and calendar adjusted data,Total employment domestic concept,Italy,2014-Q4,10230803,,
ESTAT:NAMQ_10_A10_E(1.0),31/01/25 11:00:00,Quarterly,Thousand hours worked,Total - all NACE activities,Seasonally and calendar adjusted data,Total employment domestic concept,Italy,2015-Q1,10188791,,
ESTAT:NAMQ_10_A10_E(1.0),31/01/25 11:00:00,Quarterly,Thousand hours worked,Total - all NACE activities,Seasonally and calendar adjusted data,Total employment domestic concept,Italy,2015-Q2,10226197,,
ESTAT:NAMQ_10_A10_E(1.0),31/01/25 11:00:00,Quarterly,Thousand hours worked,Total - all NACE activities,Seasonally and calendar adjusted data,Total employment domestic concept,Italy,2015-Q3,10250295,,
ESTAT:NAMQ_10_A10_E(1.0),31/01/25 11:00:00,Quarterly,Thousand hours worked,Total - all NACE activities,Seasonally and calendar adjusted data,Total employment domestic concept,Italy,2015-Q4,10281404,,
ESTAT:NAMQ_10_A10_E(1.0),31/01/25 11:00:00,Quarterly,Thousand hours worked,Total - all NACE activities,Seasonally and calendar adjusted data,Total employment domestic concept,Italy,2016-Q1,10461918,,
ESTAT:NAMQ_10_A10_E(1.0),31/01/25 11:00:00,Quarterly,Thousand hours worked,Total - all NACE activities,Seasonally and calendar adjusted data,Total employment domestic concept,Italy,2016-Q2,10429525,,
ESTAT:NAMQ_10_A10_E(1.0),31/01/25 11:00:00,Quarterly,Thousand hours worked,Total - all NACE activities,Seasonally and calendar adjusted data,Total employment domestic concept,Italy,2016-Q3,10410317,,
ESTAT:NAMQ_10_A10_E(1.0),31/01/25 11:00:00,Quarterly,Thousand hours worked,Total - all NACE activities,Seasonally and calendar adjusted data,Total employment domestic concept,Italy,2016-Q4,10469938,,
ESTAT:NAMQ_10_A10_E(1.0),31/01/25 11:00:00,Quarterly,Thousand hours worked,Total - all NACE activities,Seasonally and calendar adjusted data,Total employment domestic concept,Italy,2017-Q1,10492863,,
ESTAT:NAMQ_10_A10_E(1.0),31/01/25 11:00:00,Quarterly,Thousand hours worked,Total - all NACE activities,Seasonally and calendar adjusted data,Total employment domestic concept,Italy,2017-Q2,10580871,,
ESTAT:NAMQ_10_A10_E(1.0),31/01/25 11:00:00,Quarterly,Thousand hours worked,Total - all NACE activities,Seasonally and calendar adjusted data,Total employment domestic concept,Italy,2017-Q3,10575567,,
ESTAT:NAMQ_10_A10_E(1.0),31/01/25 11:00:00,Quarterly,Thousand hours worked,Total - all NACE activities,Seasonally and calendar adjusted data,Total employment domestic concept,Italy,2017-Q4,10673752,,
ESTAT:NAMQ_10_A10_E(1.0),31/01/25 11:00:00,Quarterly,Thousand hours worked,Total - all NACE activities,Seasonally and calendar adjusted data,Total employment domestic concept,Italy,2018-Q1,10558733,,
ESTAT:NAMQ_10_A10_E(1.0),31/01/25 11:00:00,Quarterly,Thousand hours worked,Total - all NACE activities,Seasonally and calendar adjusted data,Total employment domestic concept,Italy,2018-Q2,10677282,,
ESTAT:NAMQ_10_A10_E(1.0),31/01/25 11:00:00,Quarterly,Thousand hours worked,Total - all NACE activities,Seasonally and calendar adjusted data,Total employment domestic concept,Italy,2018-Q3,10670632,,
ESTAT:NAMQ_10_A10_E(1.0),31/01/25 11:00:00,Quarterly,Thousand hours worked,Total - all NACE activities,Seasonally and calendar adjusted data,Total employment domestic concept,Italy,2018-Q4,10636318,,
ESTAT:NAMQ_10_A10_E(1.0),31/01/25 11:00:00,Quarterly,Thousand hours worked,Total - all NACE activities,Seasonally and calendar adjusted data,Total employment domestic concept,Italy,2019-Q1,10719946,,
ESTAT:NAMQ_10_A10_E(1.0),31/01/25 11:00:00,Quarterly,Thousand hours worked,Total - all NACE activities,Seasonally and calendar adjusted data,Total employment domestic concept,Italy,2019-Q2,10626370,,
ESTAT:NAMQ_10_A10_E(1.0),31/01/25 11:00:00,Quarterly,Thousand hours worked,Total - all NACE activities,Seasonally and calendar adjusted data,Total employment domestic concept,Italy,2019-Q3,10640260,,
ESTAT:NAMQ_10_A10_E(1.0),31/01/25 11:00:00,Quarterly,Thousand hours worked,Total - all NACE activities,Seasonally and calendar adjusted data,Total employment domestic concept,Italy,2019-Q4,10574307,,
ESTAT:NAMQ_10_A10_E(1.0),31/01/25 11:00:00,Quarterly,Thousand hours worked,Total - all NACE activities,Seasonally and calendar adjusted data,Total employment domestic concept,Italy,2020-Q1,9719629,,
ESTAT:NAMQ_10_A10_E(1.0),31/01/25 11:00:00,Quarterly,Thousand hours worked,Total - all NACE activities,Seasonally and calendar adjusted data,Total employment domestic concept,Italy,2020-Q2,8174848,,
ESTAT:NAMQ_10_A10_E(1.0),31/01/25 11:00:00,Quarterly,Thousand hours worked,Total - all NACE activities,Seasonally and calendar adjusted data,Total employment domestic concept,Italy,2020-Q3,9855058,,
ESTAT:NAMQ_10_A10_E(1.0),31/01/25 11:00:00,Quarterly,Thousand hours worked,Total - all NACE activities,Seasonally and calendar adjusted data,Total employment domestic concept,Italy,2020-Q4,9767650,,
ESTAT:NAMQ_10_A10_E(1.0),31/01/25 11:00:00,Quarterly,Thousand hours worked,Total - all NACE activities,Seasonally and calendar adjusted data,Total employment domestic concept,Italy,2021-Q1,9912157,,
ESTAT:NAMQ_10_A10_E(1.0),31/01/25 11:00:00,Quarterly,Thousand hours worked,Total - all NACE activities,Seasonally and calendar adjusted data,Total employment domestic concept,Italy,2021-Q2,10190776,,
ESTAT:NAMQ_10_A10_E(1.0),31/01/25 11:00:00,Quarterly,Thousand hours worked,Total - all NACE activities,Seasonally and calendar adjusted data,Total employment domestic concept,Italy,2021-Q3,10574532,,
ESTAT:NAMQ_10_A10_E(1.0),31/01/25 11:00:00,Quarterly,Thousand hours worked,Total - all NACE activities,Seasonally and calendar adjusted data,Total employment domestic concept,Italy,2021-Q4,10610260,,
ESTAT:NAMQ_10_A10_E(1.0),31/01/25 11:00:00,Quarterly,Thousand hours worked,Total - all NACE activities,Seasonally and calendar adjusted data,Total employment domestic concept,Italy,2022-Q1,10699608,,
ESTAT:NAMQ_10_A10_E(1.0),31/01/25 11:00:00,Quarterly,Thousand hours worked,Total - all NACE activities,Seasonally and calendar adjusted data,Total employment domestic concept,Italy,2022-Q2,10822312,,
ESTAT:NAMQ_10_A10_E(1.0),31/01/25 11:00:00,Quarterly,Thousand hours worked,Total - all NACE activities,Seasonally and calendar adjusted data,Total employment domestic concept,Italy,2022-Q3,10803436,,
ESTAT:NAMQ_10_A10_E(1.0),31/01/25 11:00:00,Quarterly,Thousand hours worked,Total - all NACE activities,Seasonally and calendar adjusted data,Total employment domestic concept,Italy,2022-Q4,10917525,,
ESTAT:NAMQ_10_A10_E(1.0),31/01/25 11:00:00,Quarterly,Thousand hours worked,Total - all NACE activities,Seasonally and calendar adjusted data,Total employment domestic concept,Italy,2023-Q1,11045650,,
ESTAT:NAMQ_10_A10_E(1.0),31/01/25 11:00:00,Quarterly,Thousand hours worked,Total - all NACE activities,Seasonally and calendar adjusted data,Total employment domestic concept,Italy,2023-Q2,11047711,,
ESTAT:NAMQ_10_A10_E(1.0),31/01/25 11:00:00,Quarterly,Thousand hours worked,Total - all NACE activities,Seasonally and calendar adjusted data,Total employment domestic concept,Italy,2023-Q3,11116096,,
ESTAT:NAMQ_10_A10_E(1.0),31/01/25 11:00:00,Quarterly,Thousand hours worked,Total - all NACE activities,Seasonally and calendar adjusted data,Total employment domestic concept,Italy,2023-Q4,11195159,,
ESTAT:NAMQ_10_A10_E(1.0),31/01/25 11:00:00,Quarterly,Thousand hours worked,Total - all NACE activities,Seasonally and calendar adjusted data,Total employment domestic concept,Italy,2024-Q1,11277202,,
ESTAT:NAMQ_10_A10_E(1.0),31/01/25 11:00:00,Quarterly,Thousand hours worked,Total - all NACE activities,Seasonally and calendar adjusted data,Total employment domestic concept,Italy,2024-Q2,11255839,,
ESTAT:NAMQ_10_A10_E(1.0),31/01/25 11:00:00,Quarterly,Thousand hours worked,Total - all NACE activities,Seasonally and calendar adjusted data,Total employment domestic concept,Italy,2024-Q3,11279068,,
