DATAFLOW,LAST UPDATE,freq,unit,s_adj,nace_r2,na_item,geo,TIME_PERIOD,OBS_VALUE,OBS_FLAG,CONF_STATUS
ESTAT:NAMQ_10_A10(1.0),27/01/25 23:00:00,Quarterly,"Chain linked volumes (2020), million euro",Unadjusted data (i.e. neither seasonally adjusted nor calendar adjusted data),Total - all NACE activities,"Value added, gross",Germany,2000-Q1,617397.7,,
ESTAT:NAMQ_10_A10(1.0),27/01/25 23:00:00,Quarterly,"Chain linked volumes (2020), million euro",Unadjusted data (i.e. neither seasonally adjusted nor calendar adjusted data),Total - all NACE activities,"Value added, gross",Germany,2000-Q2,620496.7,,
ESTAT:NAMQ_10_A10(1.0),27/01/25 23:00:00,Quarterly,"Chain linked volumes (2020), million euro",Unadjusted data (i.e. neither seasonally adjusted nor calendar adjusted data),Total - all NACE activities,"Value added, gross",Germany,2000-Q3,634597.1,,
ESTAT:NAMQ_10_A10(1.0),27/01/25 23:00:00,Quarterly,"Chain linked volumes (2020), million euro",Unadjusted data (i.e. neither seasonally adjusted nor calendar adjusted data),Total - all NACE activities,"Value added, gross",Germany,2000-Q4,638858.2,,
ESTAT:NAMQ_10_A10(1.0),27/01/25 23:00:00,Quarterly,"Chain linked volumes (2020), million euro",Unadjusted data (i.e. neither seasonally adjusted nor calendar adjusted data),Total - all NACE activities,"Value added, gross",Germany,2001-Q1,633744.9,,
ESTAT:NAMQ_10_A10(1.0),27/01/25 23:00:00,Quarterly,"Chain linked volumes (2020), million euro",Unadjusted data (i.e. neither seasonally adjusted nor calendar adjusted data),Total - all NACE activities,"Value added, gross",Germany,2001-Q2,631653.1,,
ESTAT:NAMQ_10_A10(1.0),27/01/25 23:00:00,Quarterly,"Chain linked volumes (2020), million euro",Unadjusted data (i.e. neither seasonally adjusted nor calendar adjusted data),Total - all NACE activities,"Value added, gross",Germany,2001-Q3,645211.2,,
ESTAT:NAMQ_10_A10(1.0),27/01/25 23:00:00,Quarterly,"Chain linked volumes (2020), million euro",Unadjusted data (i.e. neither seasonally adjusted nor calendar adjusted data),Total - all NACE activities,"Value added, gross",Germany,2001-Q4,650092.1,,
ESTAT:NAMQ_10_A10(1.0),27/01/25 23:00:00,Quarterly,"Chain linked volumes (2020), million euro",Unadjusted data (i.e. neither seasonally adjusted nor calendar adjusted data),Total - all NACE activities,"Value added, gross",Germany,2002-Q1,623440.7,,
ESTAT:NAMQ_10_A10(1.0),27/01/25 23:00:00,Quarterly,"Chain linked volumes (2020), million euro",Unadjusted data (i.e. neither seasonally adjusted nor calendar adjusted data),Total - all NACE activities,"Value added, gross",Germany,2002-Q2,635371.9,,
ESTAT:NAMQ_10_A10(1.0),27/01/25 23:00:00,Quarterly,"Chain linked volumes (2020), million euro",Unadjusted data (i.e. neither seasonally adjusted nor calendar adjusted data),Total - all NACE activities,"Value added, gross",Germany,2002-Q3,650711.9,,
ESTAT:NAMQ_10_A10(1.0),27/01/25 23:00:00,Quarterly,"Chain linked volumes (2020), million euro",Unadjusted data (i.e. neither seasonally adjusted nor calendar adjusted data),Total - all NACE activities,"Value added, gross",Germany,2002-Q4,652416.3,,
ESTAT:NAMQ_10_A10(1.0),27/01/25 23:00:00,Quarterly,"Chain linked volumes (2020), million euro",Unadjusted data (i.e. neither seasonally adjusted nor calendar adjusted data),Total - all NACE activities,"Value added, gross",Germany,2003-Q1,621039.0,,
ESTAT:NAMQ_10_A10(1.0),27/01/25 23:00:00,Quarterly,"Chain linked volumes (2020), million euro",Unadjusted data (i.e. neither seasonally adjusted nor calendar adjusted data),Total - all NACE activities,"Value added, gross",Germany,2003-Q2,626539.7,,
ESTAT:NAMQ_10_A10(1.0),27/01/25 23:00:00,Quarterly,"Chain linked volumes (2020), million euro",Unadjusted data (i.e. neither seasonally adjusted nor calendar adjusted data),Total - all NACE activities,"Value added, gross",Germany,2003-Q3,649394.8,,
ESTAT:NAMQ_10_A10(1.0),27/01/25 23:00:00,Quarterly,"Chain linked volumes (2020), million euro",Unadjusted data (i.e. neither seasonally adjusted nor calendar adjusted data),Total - all NACE activities,"Value added, gross",Germany,2003-Q4,651409.2,,
ESTAT:NAMQ_10_A10(1.0),27/01/25 23:00:00,Quarterly,"Chain linked volumes (2020), million euro",Unadjusted data (i.e. neither seasonally adjusted nor calendar adjusted data),Total - all NACE activities,"Value added, gross",Germany,2004-Q1,632350.3,,
ESTAT:NAMQ_10_A10(1.0),27/01/25 23:00:00,Quarterly,"Chain linked volumes (2020), million euro",Unadjusted data (i.e. neither seasonally adjusted nor calendar adjusted data),Total - all NACE activities,"Value added, gross",Germany,2004-Q2,644049.1,,
ESTAT:NAMQ_10_A10(1.0),27/01/25 23:00:00,Quarterly,"Chain linked volumes (2020), million euro",Unadjusted data (i.e. neither seasonally adjusted nor calendar adjusted data),Total - all NACE activities,"Value added, gross",Germany,2004-Q3,652338.9,,
ESTAT:NAMQ_10_A10(1.0),27/01/25 23:00:00,Quarterly,"Chain linked volumes (2020), million euro",Unadjusted data (i.e. neither seasonally adjusted nor calendar adjusted data),Total - all NACE activities,"Value added, gross",Germany,2004-Q4,659621.5,,
ESTAT:NAMQ_10_A10(1.0),27/01/25 23:00:00,Quarterly,"Chain linked volumes (2020), million euro",Unadjusted data (i.e. neither seasonally adjusted nor calendar adjusted data),Total - all NACE activities,"Value added, gross",Germany,2005-Q1,631265.7,,
ESTAT:NAMQ_10_A10(1.0),27/01/25 23:00:00,Quarterly,"Chain linked volumes (2020), million euro",Unadjusted data (i.e. neither seasonally adjusted nor calendar adjusted data),Total - all NACE activities,"Value added, gross",Germany,2005-Q2,651719.1,,
ESTAT:NAMQ_10_A10(1.0),27/01/25 23:00:00,Quarterly,"Chain linked volumes (2020), million euro",Unadjusted data (i.e. neither seasonally adjusted nor calendar adjusted data),Total - all NACE activities,"Value added, gross",Germany,2005-Q3,659776.5,,
ESTAT:NAMQ_10_A10(1.0),27/01/25 23:00:00,Quarterly,"Chain linked volumes (2020), million euro",Unadjusted data (i.e. neither seasonally adjusted nor calendar adjusted data),Total - all NACE activities,"Value added, gross",Germany,2005-Q4,668453.7,,
ESTAT:NAMQ_10_A10(1.0),27/01/25 23:00:00,Quarterly,"Chain linked volumes (2020), million euro",Unadjusted data (i.e. neither seasonally adjusted nor calendar adjusted data),Total - all NACE activities,"Value added, gross",Germany,2006-Q1,658304.4,,
ESTAT:NAMQ_10_A10(1.0),27/01/25 23:00:00,Quarterly,"Chain linked volumes (2020), million euro",Unadjusted data (i.e. neither seasonally adjusted nor calendar adjusted data),Total - all NACE activities,"Value added, gross",Germany,2006-Q2,669460.8,,
ESTAT:NAMQ_10_A10(1.0),27/01/25 23:00:00,Quarterly,"Chain linked volumes (2020), million euro",Unadjusted data (i.e. neither seasonally adjusted nor calendar adjusted data),Total - all NACE activities,"Value added, gross",Germany,2006-Q3,685188.2,,
ESTAT:NAMQ_10_A10(1.0),27/01/25 23:00:00,Quarterly,"Chain linked volumes (2020), million euro",Unadjusted data (i.e. neither seasonally adjusted nor calendar adjusted data),Total - all NACE activities,"Value added, gross",Germany,2006-Q4,701380.5,,
ESTAT:NAMQ_10_A10(1.0),27/01/25 23:00:00,Quarterly,"Chain linked volumes (2020), million euro",Unadjusted data (i.e. neither seasonally adjusted nor calendar adjusted data),Total - all NACE activities,"Value added, gross",Germany,2007-Q1,686660.3,,
ESTAT:NAMQ_10_A10(1.0),27/01/25 23:00:00,Quarterly,"Chain linked volumes (2020), million euro",Unadjusted data (i.e. neither seasonally adjusted nor calendar adjusted data),Total - all NACE activities,"Value added, gross",Germany,2007-Q2,693168.2,,
ESTAT:NAMQ_10_A10(1.0),27/01/25 23:00:00,Quarterly,"Chain linked volumes (2020), million euro",Unadjusted data (i.e. neither seasonally adjusted nor calendar adjusted data),Total - all NACE activities,"Value added, gross",Germany,2007-Q3,706029.0,,
ESTAT:NAMQ_10_A10(1.0),27/01/25 23:00:00,Quarterly,"Chain linked volumes (2020), million euro",Unadjusted data (i.e. neither seasonally adjusted nor calendar adjusted data),Total - all NACE activities,"Value added, gross",Germany,2007-Q4,719277.2,,
ESTAT:NAMQ_10_A10(1.0),27/01/25 23:00:00,Quarterly,"Chain linked volumes (2020), million euro",Unadjusted data (i.e. neither seasonally adjusted nor calendar adjusted data),Total - all NACE activities,"Value added, gross",Germany,2008-Q1,700838.2,,
ESTAT:NAMQ_10_A10(1.0),27/01/25 23:00:00,Quarterly,"Chain linked volumes (2020), million euro",Unadjusted data (i.e. neither seasonally adjusted nor calendar adjusted data),Total - all NACE activities,"Value added, gross",Germany,2008-Q2,715016.1,,
ESTAT:NAMQ_10_A10(1.0),27/01/25 23:00:00,Quarterly,"Chain linked volumes (2020), million euro",Unadjusted data (i.e. neither seasonally adjusted nor calendar adjusted data),Total - all NACE activities,"Value added, gross",Germany,2008-Q3,713311.6,,
ESTAT:NAMQ_10_A10(1.0),27/01/25 23:00:00,Quarterly,"Chain linked volumes (2020), million euro",Unadjusted data (i.e. neither seasonally adjusted nor calendar adjusted data),Total - all NACE activities,"Value added, gross",Germany,2008-Q4,703394.8,,
ESTAT:NAMQ_10_A10(1.0),27/01/25 23:00:00,Quarterly,"Chain linked volumes (2020), million euro",Unadjusted data (i.e. neither seasonally adjusted nor calendar adjusted data),Total - all NACE activities,"Value added, gross",Germany,2009-Q1,649937.2,,
ESTAT:NAMQ_10_A10(1.0),27/01/25 23:00:00,Quarterly,"Chain linked volumes (2020), million euro",Unadjusted data (i.e. neither seasonally adjusted nor calendar adjusted data),Total - all NACE activities,"Value added, gross",Germany,2009-Q2,652726.2,,
ESTAT:NAMQ_10_A10(1.0),27/01/25 23:00:00,Quarterly,"Chain linked volumes (2020), million euro",Unadjusted data (i.e. neither seasonally adjusted nor calendar adjusted data),Total - all NACE activities,"Value added, gross",Germany,2009-Q3,670235.6,,
ESTAT:NAMQ_10_A10(1.0),27/01/25 23:00:00,Quarterly,"Chain linked volumes (2020), million euro",Unadjusted data (i.e. neither seasonally adjusted nor calendar adjusted data),Total - all NACE activities,"Value added, gross",Germany,2009-Q4,683561.3,,
ESTAT:NAMQ_10_A10(1.0),27/01/25 23:00:00,Quarterly,"Chain linked volumes (2020), million euro",Unadjusted data (i.e. neither seasonally adjusted nor calendar adjusted data),Total - all NACE activities,"Value added, gross",Germany,2010-Q1,672095.0,,
ESTAT:NAMQ_10_A10(1.0),27/01/25 23:00:00,Quarterly,"Chain linked volumes (2020), million euro",Unadjusted data (i.e. neither seasonally adjusted nor calendar adjusted data),Total - all NACE activities,"Value added, gross",Germany,2010-Q2,686350.4,,
ESTAT:NAMQ_10_A10(1.0),27/01/25 23:00:00,Quarterly,"Chain linked volumes (2020), million euro",Unadjusted data (i.e. neither seasonally adjusted nor calendar adjusted data),Total - all NACE activities,"Value added, gross",Germany,2010-Q3,703317.4,,
ESTAT:NAMQ_10_A10(1.0),27/01/25 23:00:00,Quarterly,"Chain linked volumes (2020), million euro",Unadjusted data (i.e. neither seasonally adjusted nor calendar adjusted data),Total - all NACE activities,"Value added, gross",Germany,2010-Q4,716953.0,,
ESTAT:NAMQ_10_A10(1.0),27/01/25 23:00:00,Quarterly,"Chain linked volumes (2020), million euro",Unadjusted data (i.e. neither seasonally adjusted nor calendar adjusted data),Total - all NACE activities,"Value added, gross",Germany,2011-Q1,710290.1,,
ESTAT:NAMQ_10_A10(1.0),27/01/25 23:00:00,Quarterly,"Chain linked volumes (2020), million euro",Unadjusted data (i.e. neither seasonally adjusted nor calendar adjusted data),Total - all NACE activities,"Value added, gross",Germany,2011-Q2,713311.6,,
ESTAT:NAMQ_10_A10(1.0),27/01/25 23:00:00,Quarterly,"Chain linked volumes (2020), million euro",Unadjusted data (i.e. neither seasonally adjusted nor calendar adjusted data),Total - all NACE activities,"Value added, gross",Germany,2011-Q3,727102.2,,
ESTAT:NAMQ_10_A10(1.0),27/01/25 23:00:00,Quarterly,"Chain linked volumes (2020), million euro",Unadjusted data (i.e. neither seasonally adjusted nor calendar adjusted data),Total - all NACE activities,"Value added, gross",Germany,2011-Q4,732370.5,,
ESTAT:NAMQ_10_A10(1.0),27/01/25 23:00:00,Quarterly,"Chain linked volumes (2020), million euro",Unadjusted data (i.e. neither seasonally adjusted nor calendar adjusted data),Total - all NACE activities,"Value added, gross",Germany,2012-Q1,722841.1,,
ESTAT:NAMQ_10_A10(1.0),27/01/25 23:00:00,Quarterly,"Chain linked volumes (2020), million euro",Unadjusted data (i.e. neither seasonally adjusted nor calendar adjusted data),Total - all NACE activities,"Value added, gross",Germany,2012-Q2,716255.7,,
ESTAT:NAMQ_10_A10(1.0),27/01/25 23:00:00,Quarterly,"Chain linked volumes (2020), million euro",Unadjusted data (i.e. neither seasonally adjusted nor calendar adjusted data),Total - all NACE activities,"Value added, gross",Germany,2012-Q3,726947.2,,
ESTAT:NAMQ_10_A10(1.0),27/01/25 23:00:00,Quarterly,"Chain linked volumes (2020), million euro",Unadjusted data (i.e. neither seasonally adjusted nor calendar adjusted data),Total - all NACE activities,"Value added, gross",Germany,2012-Q4,731673.2,,
ESTAT:NAMQ_10_A10(1.0),27/01/25 23:00:00,Quarterly,"Chain linked volumes (2020), million euro",Unadjusted data (i.e. neither seasonally adjusted nor calendar adjusted data),Total - all NACE activities,"Value added, gross",Germany,2013-Q1,710755.0,,
ESTAT:NAMQ_10_A10(1.0),27/01/25 23:00:00,Quarterly,"Chain linked volumes (2020), million euro",Unadjusted data (i.e. neither seasonally adjusted nor calendar adjusted data),Total - all NACE activities,"Value added, gross",Germany,2013-Q2,722221.3,,
ESTAT:NAMQ_10_A10(1.0),27/01/25 23:00:00,Quarterly,"Chain linked volumes (2020), million euro",Unadjusted data (i.e. neither seasonally adjusted nor calendar adjusted data),Total - all NACE activities,"Value added, gross",Germany,2013-Q3,736166.7,,
ESTAT:NAMQ_10_A10(1.0),27/01/25 23:00:00,Quarterly,"Chain linked volumes (2020), million euro",Unadjusted data (i.e. neither seasonally adjusted nor calendar adjusted data),Total - all NACE activities,"Value added, gross",Germany,2013-Q4,741744.9,,
ESTAT:NAMQ_10_A10(1.0),27/01/25 23:00:00,Quarterly,"Chain linked volumes (2020), million euro",Unadjusted data (i.e. neither seasonally adjusted nor calendar adjusted data),Total - all NACE activities,"Value added, gross",Germany,2014-Q1,735392.0,,
ESTAT:NAMQ_10_A10(1.0),27/01/25 23:00:00,Quarterly,"Chain linked volumes (2020), million euro",Unadjusted data (i.e. neither seasonally adjusted nor calendar adjusted data),Total - all NACE activities,"Value added, gross",Germany,2014-Q2,731595.7,,
ESTAT:NAMQ_10_A10(1.0),27/01/25 23:00:00,Quarterly,"Chain linked volumes (2020), million euro",Unadjusted data (i.e. neither seasonally adjusted nor calendar adjusted data),Total - all NACE activities,"Value added, gross",Germany,2014-Q3,749957.3,,
ESTAT:NAMQ_10_A10(1.0),27/01/25 23:00:00,Quarterly,"Chain linked volumes (2020), million euro",Unadjusted data (i.e. neither seasonally adjusted nor calendar adjusted data),Total - all NACE activities,"Value added, gross",Germany,2014-Q4,759099.3,,
ESTAT:NAMQ_10_A10(1.0),27/01/25 23:00:00,Quarterly,"Chain linked volumes (2020), million euro",Unadjusted data (i.e. neither seasonally adjusted nor calendar adjusted data),Total - all NACE activities,"Value added, gross",Germany,2015-Q1,741512.5,,
ESTAT:NAMQ_10_A10(1.0),27/01/25 23:00:00,Quarterly,"Chain linked volumes (2020), million euro",Unadjusted data (i.e. neither seasonally adjusted nor calendar adjusted data),Total - all NACE activities,"Value added, gross",Germany,2015-Q2,743604.3,,
ESTAT:NAMQ_10_A10(1.0),27/01/25 23:00:00,Quarterly,"Chain linked volumes (2020), million euro",Unadjusted data (i.e. neither seasonally adjusted nor calendar adjusted data),Total - all NACE activities,"Value added, gross",Germany,2015-Q3,760648.8,,
ESTAT:NAMQ_10_A10(1.0),27/01/25 23:00:00,Quarterly,"Chain linked volumes (2020), million euro",Unadjusted data (i.e. neither seasonally adjusted nor calendar adjusted data),Total - all NACE activities,"Value added, gross",Germany,2015-Q4,772812.4,,
ESTAT:NAMQ_10_A10(1.0),27/01/25 23:00:00,Quarterly,"Chain linked volumes (2020), million euro",Unadjusted data (i.e. neither seasonally adjusted nor calendar adjusted data),Total - all NACE activities,"Value added, gross",Germany,2016-Q1,757627.3,,
ESTAT:NAMQ_10_A10(1.0),27/01/25 23:00:00,Quarterly,"Chain linked volumes (2020), million euro",Unadjusted data (i.e. neither seasonally adjusted nor calendar adjusted data),Total - all NACE activities,"Value added, gross",Germany,2016-Q2,771882.7,,
ESTAT:NAMQ_10_A10(1.0),27/01/25 23:00:00,Quarterly,"Chain linked volumes (2020), million euro",Unadjusted data (i.e. neither seasonally adjusted nor calendar adjusted data),Total - all NACE activities,"Value added, gross",Germany,2016-Q3,775136.6,,
ESTAT:NAMQ_10_A10(1.0),27/01/25 23:00:00,Quarterly,"Chain linked volumes (2020), million euro",Unadjusted data (i.e. neither seasonally adjusted nor calendar adjusted data),Total - all NACE activities,"Value added, gross",Germany,2016-Q4,785905.6,,
ESTAT:NAMQ_10_A10(1.0),27/01/25 23:00:00,Quarterly,"Chain linked volumes (2020), million euro",Unadjusted data (i.e. neither seasonally adjusted nor calendar adjusted data),Total - all NACE activities,"Value added, gross",Germany,2017-Q1,784975.9,,
ESTAT:NAMQ_10_A10(1.0),27/01/25 23:00:00,Quarterly,"Chain linked volumes (2020), million euro",Unadjusted data (i.e. neither seasonally adjusted nor calendar adjusted data),Total - all NACE activities,"Value added, gross",Germany,2017-Q2,781412.1,,
ESTAT:NAMQ_10_A10(1.0),27/01/25 23:00:00,Quarterly,"Chain linked volumes (2020), million euro",Unadjusted data (i.e. neither seasonally adjusted nor calendar adjusted data),Total - all NACE activities,"Value added, gross",Germany,2017-Q3,798611.5,,
ESTAT:NAMQ_10_A10(1.0),27/01/25 23:00:00,Quarterly,"Chain linked volumes (2020), million euro",Unadjusted data (i.e. neither seasonally adjusted nor calendar adjusted data),Total - all NACE activities,"Value added, gross",Germany,2017-Q4,812169.6,,
ESTAT:NAMQ_10_A10(1.0),27/01/25 23:00:00,Quarterly,"Chain linked volumes (2020), million euro",Unadjusted data (i.e. neither seasonally adjusted nor calendar adjusted data),Total - all NACE activities,"Value added, gross",Germany,2018-Q1,798611.5,,
ESTAT:NAMQ_10_A10(1.0),27/01/25 23:00:00,Quarterly,"Chain linked volumes (2020), million euro",Unadjusted data (i.e. neither seasonally adjusted nor calendar adjusted data),Total - all NACE activities,"Value added, gross",Germany,2018-Q2,799386.3,,
ESTAT:NAMQ_10_A10(1.0),27/01/25 23:00:00,Quarterly,"Chain linked volumes (2020), million euro",Unadjusted data (i.e. neither seasonally adjusted nor calendar adjusted data),Total - all NACE activities,"Value added, gross",Germany,2018-Q3,801013.3,,
ESTAT:NAMQ_10_A10(1.0),27/01/25 23:00:00,Quarterly,"Chain linked volumes (2020), million euro",Unadjusted data (i.e. neither seasonally adjusted nor calendar adjusted data),Total - all NACE activities,"Value added, gross",Germany,2018-Q4,816198.3,,
ESTAT:NAMQ_10_A10(1.0),27/01/25 23:00:00,Quarterly,"Chain linked volumes (2020), million euro",Unadjusted data (i.e. neither seasonally adjusted nor calendar adjusted data),Total - all NACE activities,"Value added, gross",Germany,2019-Q1,806049.1,,
ESTAT:NAMQ_10_A10(1.0),27/01/25 23:00:00,Quarterly,"Chain linked volumes (2020), million euro",Unadjusted data (i.e. neither seasonally adjusted nor calendar adjusted data),Total - all NACE activities,"Value added, gross",Germany,2019-Q2,798301.6,,
ESTAT:NAMQ_10_A10(1.0),27/01/25 23:00:00,Quarterly,"Chain linked volumes (2020), million euro",Unadjusted data (i.e. neither seasonally adjusted nor calendar adjusted data),Total - all NACE activities,"Value added, gross",Germany,2019-Q3,815191.2,,
ESTAT:NAMQ_10_A10(1.0),27/01/25 23:00:00,Quarterly,"Chain linked volumes (2020), million euro",Unadjusted data (i.e. neither seasonally adjusted nor calendar adjusted data),Total - all NACE activities,"Value added, gross",Germany,2019-Q4,818367.6,,
ESTAT:NAMQ_10_A10(1.0),27/01/25 23:00:00,Quarterly,"Chain linked volumes (2020), million euro",Unadjusted data (i.e. neither seasonally adjusted nor calendar adjusted data),Total - all NACE activities,"Value added, gross",Germany,2020-Q1,797294.5,p,
ESTAT:NAMQ_10_A10(1.0),27/01/25 23:00:00,Quarterly,"Chain linked volumes (2020), million euro",Unadjusted data (i.e. neither seasonally adjusted nor calendar adjusted data),Total - all NACE activities,"Value added, gross",Germany,2020-Q2,709515.4,p,
ESTAT:NAMQ_10_A10(1.0),27/01/25 23:00:00,Quarterly,"Chain linked volumes (2020), million euro",Unadjusted data (i.e. neither seasonally adjusted nor calendar adjusted data),Total - all NACE activities,"Value added, gross",Germany,2020-Q3,786912.8,p,
ESTAT:NAMQ_10_A10(1.0),27/01/25 23:00:00,Quarterly,"Chain linked volumes (2020), million euro",Unadjusted data (i.e. neither seasonally adjusted nor calendar adjusted data),Total - all NACE activities,"Value added, gross",Germany,2020-Q4,805196.9,p,
ESTAT:NAMQ_10_A10(1.0),27/01/25 23:00:00,Quarterly,"Chain linked volumes (2020), million euro",Unadjusted data (i.e. neither seasonally adjusted nor calendar adjusted data),Total - all NACE activities,"Value added, gross",Germany,2021-Q1,782341.8,p,
ESTAT:NAMQ_10_A10(1.0),27/01/25 23:00:00,Quarterly,"Chain linked volumes (2020), million euro",Unadjusted data (i.e. neither seasonally adjusted nor calendar adjusted data),Total - all NACE activities,"Value added, gross",Germany,2021-Q2,791406.4,p,
ESTAT:NAMQ_10_A10(1.0),27/01/25 23:00:00,Quarterly,"Chain linked volumes (2020), million euro",Unadjusted data (i.e. neither seasonally adjusted nor calendar adjusted data),Total - all NACE activities,"Value added, gross",Germany,2021-Q3,814261.5,p,
ESTAT:NAMQ_10_A10(1.0),27/01/25 23:00:00,Quarterly,"Chain linked volumes (2020), million euro",Unadjusted data (i.e. neither seasonally adjusted nor calendar adjusted data),Total - all NACE activities,"Value added, gross",Germany,2021-Q4,828749.3,p,
ESTAT:NAMQ_10_A10(1.0),27/01/25 23:00:00,Quarterly,"Chain linked volumes (2020), million euro",Unadjusted data (i.e. neither seasonally adjusted nor calendar adjusted data),Total - all NACE activities,"Value added, gross",Germany,2022-Q1,817747.8,p,
ESTAT:NAMQ_10_A10(1.0),27/01/25 23:00:00,Quarterly,"Chain linked volumes (2020), million euro",Unadjusted data (i.e. neither seasonally adjusted nor calendar adjusted data),Total - all NACE activities,"Value added, gross",Germany,2022-Q2,803415.0,p,
ESTAT:NAMQ_10_A10(1.0),27/01/25 23:00:00,Quarterly,"Chain linked volumes (2020), million euro",Unadjusted data (i.e. neither seasonally adjusted nor calendar adjusted data),Total - all NACE activities,"Value added, gross",Germany,2022-Q3,823481.0,p,
ESTAT:NAMQ_10_A10(1.0),27/01/25 23:00:00,Quarterly,"Chain linked volumes (2020), million euro",Unadjusted data (i.e. neither seasonally adjusted nor calendar adjusted data),Total - all NACE activities,"Value added, gross",Germany,2022-Q4,827897.1,p,
ESTAT:NAMQ_10_A10(1.0),27/01/25 23:00:00,Quarterly,"Chain linked volumes (2020), million euro",Unadjusted data (i.e. neither seasonally adjusted nor calendar adjusted data),Total - all NACE activities,"Value added, gross",Germany,2023-Q1,825340.4,p,
ESTAT:NAMQ_10_A10(1.0),27/01/25 23:00:00,Quarterly,"Chain linked volumes (2020), million euro",Unadjusted data (i.e. neither seasonally adjusted nor calendar adjusted data),Total - all NACE activities,"Value added, gross",Germany,2023-Q2,804964.5,p,
ESTAT:NAMQ_10_A10(1.0),27/01/25 23:00:00,Quarterly,"Chain linked volumes (2020), million euro",Unadjusted data (i.e. neither seasonally adjusted nor calendar adjusted data),Total - all NACE activities,"Value added, gross",Germany,2023-Q3,818367.6,p,
ESTAT:NAMQ_10_A10(1.0),27/01/25 23:00:00,Quarterly,"Chain linked volumes (2020), million euro",Unadjusted data (i.e. neither seasonally adjusted nor calendar adjusted data),Total - all NACE activities,"Value added, gross",Germany,2023-Q4,834327.5,p,
ESTAT:NAMQ_10_A10(1.0),27/01/25 23:00:00,Quarterly,"Chain linked volumes (2020), million euro",Unadjusted data (i.e. neither seasonally adjusted nor calendar adjusted data),Total - all NACE activities,"Value added, gross",Germany,2024-Q1,821854.0,p,
ESTAT:NAMQ_10_A10(1.0),27/01/25 23:00:00,Quarterly,"Chain linked volumes (2020), million euro",Unadjusted data (i.e. neither seasonally adjusted nor calendar adjusted data),Total - all NACE activities,"Value added, gross",Germany,2024-Q2,807211.2,p,
ESTAT:NAMQ_10_A10(1.0),27/01/25 23:00:00,Quarterly,"Chain linked volumes (2020), million euro",Unadjusted data (i.e. neither seasonally adjusted nor calendar adjusted data),Total - all NACE activities,"Value added, gross",Germany,2024-Q3,819452.3,p,
ESTAT:NAMQ_10_A10(1.0),27/01/25 23:00:00,Quarterly,"Chain linked volumes (2020), million euro",Unadjusted data (i.e. neither seasonally adjusted nor calendar adjusted data),Total - all NACE activities,"Value added, gross",France,2000-Q1,424159.0,,
ESTAT:NAMQ_10_A10(1.0),27/01/25 23:00:00,Quarterly,"Chain linked volumes (2020), million euro",Unadjusted data (i.e. neither seasonally adjusted nor calendar adjusted data),Total - all NACE activities,"Value added, gross",France,2000-Q2,428755.8,,
ESTAT:NAMQ_10_A10(1.0),27/01/25 23:00:00,Quarterly,"Chain linked volumes (2020), million euro",Unadjusted data (i.e. neither seasonally adjusted nor calendar adjusted data),Total - all NACE activities,"Value added, gross",France,2000-Q3,418765.7,,
ESTAT:NAMQ_10_A10(1.0),27/01/25 23:00:00,Quarterly,"Chain linked volumes (2020), million euro",Unadjusted data (i.e. neither seasonally adjusted nor calendar adjusted data),Total - all NACE activities,"Value added, gross",France,2000-Q4,445123.2,,
ESTAT:NAMQ_10_A10(1.0),27/01/25 23:00:00,Quarterly,"Chain linked volumes (2020), million euro",Unadjusted data (i.e. neither seasonally adjusted nor calendar adjusted data),Total - all NACE activities,"Value added, gross",France,2001-Q1,436993.9,,
ESTAT:NAMQ_10_A10(1.0),27/01/25 23:00:00,Quarterly,"Chain linked volumes (2020), million euro",Unadjusted data (i.e. neither seasonally adjusted nor calendar adjusted data),Total - all NACE activities,"Value added, gross",France,2001-Q2,436751.0,,
ESTAT:NAMQ_10_A10(1.0),27/01/25 23:00:00,Quarterly,"Chain linked volumes (2020), million euro",Unadjusted data (i.e. neither seasonally adjusted nor calendar adjusted data),Total - all NACE activities,"Value added, gross",France,2001-Q3,426216.3,,
ESTAT:NAMQ_10_A10(1.0),27/01/25 23:00:00,Quarterly,"Chain linked volumes (2020), million euro",Unadjusted data (i.e. neither seasonally adjusted nor calendar adjusted data),Total - all NACE activities,"Value added, gross",France,2001-Q4,449150.6,,
ESTAT:NAMQ_10_A10(1.0),27/01/25 23:00:00,Quarterly,"Chain linked volumes (2020), million euro",Unadjusted data (i.e. neither seasonally adjusted nor calendar adjusted data),Total - all NACE activities,"Value added, gross",France,2002-Q1,438846.6,,
ESTAT:NAMQ_10_A10(1.0),27/01/25 23:00:00,Quarterly,"Chain linked volumes (2020), million euro",Unadjusted data (i.e. neither seasonally adjusted nor calendar adjusted data),Total - all NACE activities,"Value added, gross",France,2002-Q2,441487.9,,
ESTAT:NAMQ_10_A10(1.0),27/01/25 23:00:00,Quarterly,"Chain linked volumes (2020), million euro",Unadjusted data (i.e. neither seasonally adjusted nor calendar adjusted data),Total - all NACE activities,"Value added, gross",France,2002-Q3,432995.1,,
ESTAT:NAMQ_10_A10(1.0),27/01/25 23:00:00,Quarterly,"Chain linked volumes (2020), million euro",Unadjusted data (i.e. neither seasonally adjusted nor calendar adjusted data),Total - all NACE activities,"Value added, gross",France,2002-Q4,453773.2,,
ESTAT:NAMQ_10_A10(1.0),27/01/25 23:00:00,Quarterly,"Chain linked volumes (2020), million euro",Unadjusted data (i.e. neither seasonally adjusted nor calendar adjusted data),Total - all NACE activities,"Value added, gross",France,2003-Q1,443534.8,,
ESTAT:NAMQ_10_A10(1.0),27/01/25 23:00:00,Quarterly,"Chain linked volumes (2020), million euro",Unadjusted data (i.e. neither seasonally adjusted nor calendar adjusted data),Total - all NACE activities,"Value added, gross",France,2003-Q2,441975.0,,
ESTAT:NAMQ_10_A10(1.0),27/01/25 23:00:00,Quarterly,"Chain linked volumes (2020), million euro",Unadjusted data (i.e. neither seasonally adjusted nor calendar adjusted data),Total - all NACE activities,"Value added, gross",France,2003-Q3,436107.1,,
ESTAT:NAMQ_10_A10(1.0),27/01/25 23:00:00,Quarterly,"Chain linked volumes (2020), million euro",Unadjusted data (i.e. neither seasonally adjusted nor calendar adjusted data),Total - all NACE activities,"Value added, gross",France,2003-Q4,461290.0,,
ESTAT:NAMQ_10_A10(1.0),27/01/25 23:00:00,Quarterly,"Chain linked volumes (2020), million euro",Unadjusted data (i.e. neither seasonally adjusted nor calendar adjusted data),Total - all NACE activities,"Value added, gross",France,2004-Q1,455242.9,,
ESTAT:NAMQ_10_A10(1.0),27/01/25 23:00:00,Quarterly,"Chain linked volumes (2020), million euro",Unadjusted data (i.e. neither seasonally adjusted nor calendar adjusted data),Total - all NACE activities,"Value added, gross",France,2004-Q2,459343.7,,
ESTAT:NAMQ_10_A10(1.0),27/01/25 23:00:00,Quarterly,"Chain linked volumes (2020), million euro",Unadjusted data (i.e. neither seasonally adjusted nor calendar adjusted data),Total - all NACE activities,"Value added, gross",France,2004-Q3,449662.8,,
ESTAT:NAMQ_10_A10(1.0),27/01/25 23:00:00,Quarterly,"Chain linked volumes (2020), million euro",Unadjusted data (i.e. neither seasonally adjusted nor calendar adjusted data),Total - all NACE activities,"Value added, gross",France,2004-Q4,473466.7,,
ESTAT:NAMQ_10_A10(1.0),27/01/25 23:00:00,Quarterly,"Chain linked volumes (2020), million euro",Unadjusted data (i.e. neither seasonally adjusted nor calendar adjusted data),Total - all NACE activities,"Value added, gross",France,2005-Q1,461576.0,,
ESTAT:NAMQ_10_A10(1.0),27/01/25 23:00:00,Quarterly,"Chain linked volumes (2020), million euro",Unadjusted data (i.e. neither seasonally adjusted nor calendar adjusted data),Total - all NACE activities,"Value added, gross",France,2005-Q2,469596.8,,
ESTAT:NAMQ_10_A10(1.0),27/01/25 23:00:00,Quarterly,"Chain linked volumes (2020), million euro",Unadjusted data (i.e. neither seasonally adjusted nor calendar adjusted data),Total - all NACE activities,"Value added, gross",France,2005-Q3,457690.4,,
ESTAT:NAMQ_10_A10(1.0),27/01/25 23:00:00,Quarterly,"Chain linked volumes (2020), million euro",Unadjusted data (i.e. neither seasonally adjusted nor calendar adjusted data),Total - all NACE activities,"Value added, gross",France,2005-Q4,480847.1,,
ESTAT:NAMQ_10_A10(1.0),27/01/25 23:00:00,Quarterly,"Chain linked volumes (2020), million euro",Unadjusted data (i.e. neither seasonally adjusted nor calendar adjusted data),Total - all NACE activities,"Value added, gross",France,2006-Q1,474433.9,,
ESTAT:NAMQ_10_A10(1.0),27/01/25 23:00:00,Quarterly,"Chain linked volumes (2020), million euro",Unadjusted data (i.e. neither seasonally adjusted nor calendar adjusted data),Total - all NACE activities,"Value added, gross",France,2006-Q2,481344.4,,
ESTAT:NAMQ_10_A10(1.0),27/01/25 23:00:00,Quarterly,"Chain linked volumes (2020), million euro",Unadjusted data (i.e. neither seasonally adjusted nor calendar adjusted data),Total - all NACE activities,"Value added, gross",France,2006-Q3,469971.3,,
ESTAT:NAMQ_10_A10(1.0),27/01/25 23:00:00,Quarterly,"Chain linked volumes (2020), million euro",Unadjusted data (i.e. neither seasonally adjusted nor calendar adjusted data),Total - all NACE activities,"Value added, gross",France,2006-Q4,495024.6,,
ESTAT:NAMQ_10_A10(1.0),27/01/25 23:00:00,Quarterly,"Chain linked volumes (2020), million euro",Unadjusted data (i.e. neither seasonally adjusted nor calendar adjusted data),Total - all NACE activities,"Value added, gross",France,2007-Q1,487995.9,,
ESTAT:NAMQ_10_A10(1.0),27/01/25 23:00:00,Quarterly,"Chain linked volumes (2020), million euro",Unadjusted data (i.e. neither seasonally adjusted nor calendar adjusted data),Total - all NACE activities,"Value added, gross",France,2007-Q2,493263.9,,
ESTAT:NAMQ_10_A10(1.0),27/01/25 23:00:00,Quarterly,"Chain linked volumes (2020), million euro",Unadjusted data (i.e. neither seasonally adjusted nor calendar adjusted data),Total - all NACE activities,"Value added, gross",France,2007-Q3,483493.4,,
ESTAT:NAMQ_10_A10(1.0),27/01/25 23:00:00,Quarterly,"Chain linked volumes (2020), million euro",Unadjusted data (i.e. neither seasonally adjusted nor calendar adjusted data),Total - all NACE activities,"Value added, gross",France,2007-Q4,506923.0,,
ESTAT:NAMQ_10_A10(1.0),27/01/25 23:00:00,Quarterly,"Chain linked volumes (2020), million euro",Unadjusted data (i.e. neither seasonally adjusted nor calendar adjusted data),Total - all NACE activities,"Value added, gross",France,2008-Q1,495319.6,,
ESTAT:NAMQ_10_A10(1.0),27/01/25 23:00:00,Quarterly,"Chain linked volumes (2020), million euro",Unadjusted data (i.e. neither seasonally adjusted nor calendar adjusted data),Total - all NACE activities,"Value added, gross",France,2008-Q2,499744.0,,
ESTAT:NAMQ_10_A10(1.0),27/01/25 23:00:00,Quarterly,"Chain linked volumes (2020), million euro",Unadjusted data (i.e. neither seasonally adjusted nor calendar adjusted data),Total - all NACE activities,"Value added, gross",France,2008-Q3,486469.7,,
ESTAT:NAMQ_10_A10(1.0),27/01/25 23:00:00,Quarterly,"Chain linked volumes (2020), million euro",Unadjusted data (i.e. neither seasonally adjusted nor calendar adjusted data),Total - all NACE activities,"Value added, gross",France,2008-Q4,502619.8,,
ESTAT:NAMQ_10_A10(1.0),27/01/25 23:00:00,Quarterly,"Chain linked volumes (2020), million euro",Unadjusted data (i.e. neither seasonally adjusted nor calendar adjusted data),Total - all NACE activities,"Value added, gross",France,2009-Q1,476108.7,,
ESTAT:NAMQ_10_A10(1.0),27/01/25 23:00:00,Quarterly,"Chain linked volumes (2020), million euro",Unadjusted data (i.e. neither seasonally adjusted nor calendar adjusted data),Total - all NACE activities,"Value added, gross",France,2009-Q2,482066.9,,
ESTAT:NAMQ_10_A10(1.0),27/01/25 23:00:00,Quarterly,"Chain linked volumes (2020), million euro",Unadjusted data (i.e. neither seasonally adjusted nor calendar adjusted data),Total - all NACE activities,"Value added, gross",France,2009-Q3,475276.7,,
ESTAT:NAMQ_10_A10(1.0),27/01/25 23:00:00,Quarterly,"Chain linked volumes (2020), million euro",Unadjusted data (i.e. neither seasonally adjusted nor calendar adjusted data),Total - all NACE activities,"Value added, gross",France,2009-Q4,498724.2,,
ESTAT:NAMQ_10_A10(1.0),27/01/25 23:00:00,Quarterly,"Chain linked volumes (2020), million euro",Unadjusted data (i.e. neither seasonally adjusted nor calendar adjusted data),Total - all NACE activities,"Value added, gross",France,2010-Q1,482872.8,,
ESTAT:NAMQ_10_A10(1.0),27/01/25 23:00:00,Quarterly,"Chain linked volumes (2020), million euro",Unadjusted data (i.e. neither seasonally adjusted nor calendar adjusted data),Total - all NACE activities,"Value added, gross",France,2010-Q2,491973.4,,
ESTAT:NAMQ_10_A10(1.0),27/01/25 23:00:00,Quarterly,"Chain linked volumes (2020), million euro",Unadjusted data (i.e. neither seasonally adjusted nor calendar adjusted data),Total - all NACE activities,"Value added, gross",France,2010-Q3,484497.8,,
ESTAT:NAMQ_10_A10(1.0),27/01/25 23:00:00,Quarterly,"Chain linked volumes (2020), million euro",Unadjusted data (i.e. neither seasonally adjusted nor calendar adjusted data),Total - all NACE activities,"Value added, gross",France,2010-Q4,507506.1,,
ESTAT:NAMQ_10_A10(1.0),27/01/25 23:00:00,Quarterly,"Chain linked volumes (2020), million euro",Unadjusted data (i.e. neither seasonally adjusted nor calendar adjusted data),Total - all NACE activities,"Value added, gross",France,2011-Q1,498840.7,,
ESTAT:NAMQ_10_A10(1.0),27/01/25 23:00:00,Quarterly,"Chain linked volumes (2020), million euro",Unadjusted data (i.e. neither seasonally adjusted nor calendar adjusted data),Total - all NACE activities,"Value added, gross",France,2011-Q2,505045.3,,
ESTAT:NAMQ_10_A10(1.0),27/01/25 23:00:00,Quarterly,"Chain linked volumes (2020), million euro",Unadjusted data (i.e. neither seasonally adjusted nor calendar adjusted data),Total - all NACE activities,"Value added, gross",France,2011-Q3,495248.5,,
ESTAT:NAMQ_10_A10(1.0),27/01/25 23:00:00,Quarterly,"Chain linked volumes (2020), million euro",Unadjusted data (i.e. neither seasonally adjusted nor calendar adjusted data),Total - all NACE activities,"Value added, gross",France,2011-Q4,517564.9,,
ESTAT:NAMQ_10_A10(1.0),27/01/25 23:00:00,Quarterly,"Chain linked volumes (2020), million euro",Unadjusted data (i.e. neither seasonally adjusted nor calendar adjusted data),Total - all NACE activities,"Value added, gross",France,2012-Q1,504712.4,,
ESTAT:NAMQ_10_A10(1.0),27/01/25 23:00:00,Quarterly,"Chain linked volumes (2020), million euro",Unadjusted data (i.e. neither seasonally adjusted nor calendar adjusted data),Total - all NACE activities,"Value added, gross",France,2012-Q2,504745.4,,
ESTAT:NAMQ_10_A10(1.0),27/01/25 23:00:00,Quarterly,"Chain linked volumes (2020), million euro",Unadjusted data (i.e. neither seasonally adjusted nor calendar adjusted data),Total - all NACE activities,"Value added, gross",France,2012-Q3,496883.4,,
ESTAT:NAMQ_10_A10(1.0),27/01/25 23:00:00,Quarterly,"Chain linked volumes (2020), million euro",Unadjusted data (i.e. neither seasonally adjusted nor calendar adjusted data),Total - all NACE activities,"Value added, gross",France,2012-Q4,518363.7,,
ESTAT:NAMQ_10_A10(1.0),27/01/25 23:00:00,Quarterly,"Chain linked volumes (2020), million euro",Unadjusted data (i.e. neither seasonally adjusted nor calendar adjusted data),Total - all NACE activities,"Value added, gross",France,2013-Q1,498586.7,,
ESTAT:NAMQ_10_A10(1.0),27/01/25 23:00:00,Quarterly,"Chain linked volumes (2020), million euro",Unadjusted data (i.e. neither seasonally adjusted nor calendar adjusted data),Total - all NACE activities,"Value added, gross",France,2013-Q2,510884.9,,
ESTAT:NAMQ_10_A10(1.0),27/01/25 23:00:00,Quarterly,"Chain linked volumes (2020), million euro",Unadjusted data (i.e. neither seasonally adjusted nor calendar adjusted data),Total - all NACE activities,"Value added, gross",France,2013-Q3,503977.8,,
ESTAT:NAMQ_10_A10(1.0),27/01/25 23:00:00,Quarterly,"Chain linked volumes (2020), million euro",Unadjusted data (i.e. neither seasonally adjusted nor calendar adjusted data),Total - all NACE activities,"Value added, gross",France,2013-Q4,527948.3,,
ESTAT:NAMQ_10_A10(1.0),27/01/25 23:00:00,Quarterly,"Chain linked volumes (2020), million euro",Unadjusted data (i.e. neither seasonally adjusted nor calendar adjusted data),Total - all NACE activities,"Value added, gross",France,2014-Q1,507865.2,,
ESTAT:NAMQ_10_A10(1.0),27/01/25 23:00:00,Quarterly,"Chain linked volumes (2020), million euro",Unadjusted data (i.e. neither seasonally adjusted nor calendar adjusted data),Total - all NACE activities,"Value added, gross",France,2014-Q2,515595.8,,
ESTAT:NAMQ_10_A10(1.0),27/01/25 23:00:00,Quarterly,"Chain linked volumes (2020), million euro",Unadjusted data (i.e. neither seasonally adjusted nor calendar adjusted data),Total - all NACE activities,"Value added, gross",France,2014-Q3,509746.4,,
ESTAT:NAMQ_10_A10(1.0),27/01/25 23:00:00,Quarterly,"Chain linked volumes (2020), million euro",Unadjusted data (i.e. neither seasonally adjusted nor calendar adjusted data),Total - all NACE activities,"Value added, gross",France,2014-Q4,532679.9,,
ESTAT:NAMQ_10_A10(1.0),27/01/25 23:00:00,Quarterly,"Chain linked volumes (2020), million euro",Unadjusted data (i.e. neither seasonally adjusted nor calendar adjusted data),Total - all NACE activities,"Value added, gross",France,2015-Q1,513830.1,,
ESTAT:NAMQ_10_A10(1.0),27/01/25 23:00:00,Quarterly,"Chain linked volumes (2020), million euro",Unadjusted data (i.e. neither seasonally adjusted nor calendar adjusted data),Total - all NACE activities,"Value added, gross",France,2015-Q2,520453.7,,
ESTAT:NAMQ_10_A10(1.0),27/01/25 23:00:00,Quarterly,"Chain linked volumes (2020), million euro",Unadjusted data (i.e. neither seasonally adjusted nor calendar adjusted data),Total - all NACE activities,"Value added, gross",France,2015-Q3,511498.3,,
ESTAT:NAMQ_10_A10(1.0),27/01/25 23:00:00,Quarterly,"Chain linked volumes (2020), million euro",Unadjusted data (i.e. neither seasonally adjusted nor calendar adjusted data),Total - all NACE activities,"Value added, gross",France,2015-Q4,537034.0,,
ESTAT:NAMQ_10_A10(1.0),27/01/25 23:00:00,Quarterly,"Chain linked volumes (2020), million euro",Unadjusted data (i.e. neither seasonally adjusted nor calendar adjusted data),Total - all NACE activities,"Value added, gross",France,2016-Q1,518107.8,,
ESTAT:NAMQ_10_A10(1.0),27/01/25 23:00:00,Quarterly,"Chain linked volumes (2020), million euro",Unadjusted data (i.e. neither seasonally adjusted nor calendar adjusted data),Total - all NACE activities,"Value added, gross",France,2016-Q2,527689.8,,
ESTAT:NAMQ_10_A10(1.0),27/01/25 23:00:00,Quarterly,"Chain linked volumes (2020), million euro",Unadjusted data (i.e. neither seasonally adjusted nor calendar adjusted data),Total - all NACE activities,"Value added, gross",France,2016-Q3,511488.6,,
ESTAT:NAMQ_10_A10(1.0),27/01/25 23:00:00,Quarterly,"Chain linked volumes (2020), million euro",Unadjusted data (i.e. neither seasonally adjusted nor calendar adjusted data),Total - all NACE activities,"Value added, gross",France,2016-Q4,539687.2,,
ESTAT:NAMQ_10_A10(1.0),27/01/25 23:00:00,Quarterly,"Chain linked volumes (2020), million euro",Unadjusted data (i.e. neither seasonally adjusted nor calendar adjusted data),Total - all NACE activities,"Value added, gross",France,2017-Q1,526293.9,,
ESTAT:NAMQ_10_A10(1.0),27/01/25 23:00:00,Quarterly,"Chain linked volumes (2020), million euro",Unadjusted data (i.e. neither seasonally adjusted nor calendar adjusted data),Total - all NACE activities,"Value added, gross",France,2017-Q2,533004.9,,
ESTAT:NAMQ_10_A10(1.0),27/01/25 23:00:00,Quarterly,"Chain linked volumes (2020), million euro",Unadjusted data (i.e. neither seasonally adjusted nor calendar adjusted data),Total - all NACE activities,"Value added, gross",France,2017-Q3,523582.4,,
ESTAT:NAMQ_10_A10(1.0),27/01/25 23:00:00,Quarterly,"Chain linked volumes (2020), million euro",Unadjusted data (i.e. neither seasonally adjusted nor calendar adjusted data),Total - all NACE activities,"Value added, gross",France,2017-Q4,555090.2,,
ESTAT:NAMQ_10_A10(1.0),27/01/25 23:00:00,Quarterly,"Chain linked volumes (2020), million euro",Unadjusted data (i.e. neither seasonally adjusted nor calendar adjusted data),Total - all NACE activities,"Value added, gross",France,2018-Q1,535972.5,,
ESTAT:NAMQ_10_A10(1.0),27/01/25 23:00:00,Quarterly,"Chain linked volumes (2020), million euro",Unadjusted data (i.e. neither seasonally adjusted nor calendar adjusted data),Total - all NACE activities,"Value added, gross",France,2018-Q2,539917.4,,
ESTAT:NAMQ_10_A10(1.0),27/01/25 23:00:00,Quarterly,"Chain linked volumes (2020), million euro",Unadjusted data (i.e. neither seasonally adjusted nor calendar adjusted data),Total - all NACE activities,"Value added, gross",France,2018-Q3,531524.7,,
ESTAT:NAMQ_10_A10(1.0),27/01/25 23:00:00,Quarterly,"Chain linked volumes (2020), million euro",Unadjusted data (i.e. neither seasonally adjusted nor calendar adjusted data),Total - all NACE activities,"Value added, gross",France,2018-Q4,565252.3,,
ESTAT:NAMQ_10_A10(1.0),27/01/25 23:00:00,Quarterly,"Chain linked volumes (2020), million euro",Unadjusted data (i.e. neither seasonally adjusted nor calendar adjusted data),Total - all NACE activities,"Value added, gross",France,2019-Q1,547429.5,,
ESTAT:NAMQ_10_A10(1.0),27/01/25 23:00:00,Quarterly,"Chain linked volumes (2020), million euro",Unadjusted data (i.e. neither seasonally adjusted nor calendar adjusted data),Total - all NACE activities,"Value added, gross",France,2019-Q2,554972.5,,
ESTAT:NAMQ_10_A10(1.0),27/01/25 23:00:00,Quarterly,"Chain linked volumes (2020), million euro",Unadjusted data (i.e. neither seasonally adjusted nor calendar adjusted data),Total - all NACE activities,"Value added, gross",France,2019-Q3,546669.5,,
ESTAT:NAMQ_10_A10(1.0),27/01/25 23:00:00,Quarterly,"Chain linked volumes (2020), million euro",Unadjusted data (i.e. neither seasonally adjusted nor calendar adjusted data),Total - all NACE activities,"Value added, gross",France,2019-Q4,569350.3,,
ESTAT:NAMQ_10_A10(1.0),27/01/25 23:00:00,Quarterly,"Chain linked volumes (2020), million euro",Unadjusted data (i.e. neither seasonally adjusted nor calendar adjusted data),Total - all NACE activities,"Value added, gross",France,2020-Q1,521098.8,,
ESTAT:NAMQ_10_A10(1.0),27/01/25 23:00:00,Quarterly,"Chain linked volumes (2020), million euro",Unadjusted data (i.e. neither seasonally adjusted nor calendar adjusted data),Total - all NACE activities,"Value added, gross",France,2020-Q2,461683.5,,
ESTAT:NAMQ_10_A10(1.0),27/01/25 23:00:00,Quarterly,"Chain linked volumes (2020), million euro",Unadjusted data (i.e. neither seasonally adjusted nor calendar adjusted data),Total - all NACE activities,"Value added, gross",France,2020-Q3,522173.8,,
ESTAT:NAMQ_10_A10(1.0),27/01/25 23:00:00,Quarterly,"Chain linked volumes (2020), million euro",Unadjusted data (i.e. neither seasonally adjusted nor calendar adjusted data),Total - all NACE activities,"Value added, gross",France,2020-Q4,551589.1,,
ESTAT:NAMQ_10_A10(1.0),27/01/25 23:00:00,Quarterly,"Chain linked volumes (2020), million euro",Unadjusted data (i.e. neither seasonally adjusted nor calendar adjusted data),Total - all NACE activities,"Value added, gross",France,2021-Q1,528639.6,,
ESTAT:NAMQ_10_A10(1.0),27/01/25 23:00:00,Quarterly,"Chain linked volumes (2020), million euro",Unadjusted data (i.e. neither seasonally adjusted nor calendar adjusted data),Total - all NACE activities,"Value added, gross",France,2021-Q2,541273.1,,
ESTAT:NAMQ_10_A10(1.0),27/01/25 23:00:00,Quarterly,"Chain linked volumes (2020), million euro",Unadjusted data (i.e. neither seasonally adjusted nor calendar adjusted data),Total - all NACE activities,"Value added, gross",France,2021-Q3,544773.7,,
ESTAT:NAMQ_10_A10(1.0),27/01/25 23:00:00,Quarterly,"Chain linked volumes (2020), million euro",Unadjusted data (i.e. neither seasonally adjusted nor calendar adjusted data),Total - all NACE activities,"Value added, gross",France,2021-Q4,576416.1,,
ESTAT:NAMQ_10_A10(1.0),27/01/25 23:00:00,Quarterly,"Chain linked volumes (2020), million euro",Unadjusted data (i.e. neither seasonally adjusted nor calendar adjusted data),Total - all NACE activities,"Value added, gross",France,2022-Q1,553824.8,,
ESTAT:NAMQ_10_A10(1.0),27/01/25 23:00:00,Quarterly,"Chain linked volumes (2020), million euro",Unadjusted data (i.e. neither seasonally adjusted nor calendar adjusted data),Total - all NACE activities,"Value added, gross",France,2022-Q2,563521.5,,
ESTAT:NAMQ_10_A10(1.0),27/01/25 23:00:00,Quarterly,"Chain linked volumes (2020), million euro",Unadjusted data (i.e. neither seasonally adjusted nor calendar adjusted data),Total - all NACE activities,"Value added, gross",France,2022-Q3,554499.3,,
ESTAT:NAMQ_10_A10(1.0),27/01/25 23:00:00,Quarterly,"Chain linked volumes (2020), million euro",Unadjusted data (i.e. neither seasonally adjusted nor calendar adjusted data),Total - all NACE activities,"Value added, gross",France,2022-Q4,581412.4,,
ESTAT:NAMQ_10_A10(1.0),27/01/25 23:00:00,Quarterly,"Chain linked volumes (2020), million euro",Unadjusted data (i.e. neither seasonally adjusted nor calendar adjusted data),Total - all NACE activities,"Value added, gross",France,2023-Q1,565485.2,,
ESTAT:NAMQ_10_A10(1.0),27/01/25 23:00:00,Quarterly,"Chain linked volumes (2020), million euro",Unadjusted data (i.e. neither seasonally adjusted nor calendar adjusted data),Total - all NACE activities,"Value added, gross",France,2023-Q2,570485.5,,
ESTAT:NAMQ_10_A10(1.0),27/01/25 23:00:00,Quarterly,"Chain linked volumes (2020), million euro",Unadjusted data (i.e. neither seasonally adjusted nor calendar adjusted data),Total - all NACE activities,"Value added, gross",France,2023-Q3,559323.6,,
ESTAT:NAMQ_10_A10(1.0),27/01/25 23:00:00,Quarterly,"Chain linked volumes (2020), million euro",Unadjusted data (i.e. neither seasonally adjusted nor calendar adjusted data),Total - all NACE activities,"Value added, gross",France,2023-Q4,590250.1,,
ESTAT:NAMQ_10_A10(1.0),27/01/25 23:00:00,Quarterly,"Chain linked volumes (2020), million euro",Unadjusted data (i.e. neither seasonally adjusted nor calendar adjusted data),Total - all NACE activities,"Value added, gross",France,2024-Q1,574839.5,,
ESTAT:NAMQ_10_A10(1.0),27/01/25 23:00:00,Quarterly,"Chain linked volumes (2020), million euro",Unadjusted data (i.e. neither seasonally adjusted nor calendar adjusted data),Total - all NACE activities,"Value added, gross",France,2024-Q2,574581.6,,
ESTAT:NAMQ_10_A10(1.0),27/01/25 23:00:00,Quarterly,"Chain linked volumes (2020), million euro",Unadjusted data (i.e. neither seasonally adjusted nor calendar adjusted data),Total - all NACE activities,"Value added, gross",France,2024-Q3,569185.9,,
ESTAT:NAMQ_10_A10(1.0),27/01/25 23:00:00,Quarterly,"Chain linked volumes (2020), million euro",Unadjusted data (i.e. neither seasonally adjusted nor calendar adjusted data),Total - all NACE activities,"Value added, gross",Italy,2000-Q1,369393.2,,
ESTAT:NAMQ_10_A10(1.0),27/01/25 23:00:00,Quarterly,"Chain linked volumes (2020), million euro",Unadjusted data (i.e. neither seasonally adjusted nor calendar adjusted data),Total - all NACE activities,"Value added, gross",Italy,2000-Q2,387315.5,,
ESTAT:NAMQ_10_A10(1.0),27/01/25 23:00:00,Quarterly,"Chain linked volumes (2020), million euro",Unadjusted data (i.e. neither seasonally adjusted nor calendar adjusted data),Total - all NACE activities,"Value added, gross",Italy,2000-Q3,381966.4,,
ESTAT:NAMQ_10_A10(1.0),27/01/25 23:00:00,Quarterly,"Chain linked volumes (2020), million euro",Unadjusted data (i.e. neither seasonally adjusted nor calendar adjusted data),Total - all NACE activities,"Value added, gross",Italy,2000-Q4,403580.0,,
ESTAT:NAMQ_10_A10(1.0),27/01/25 23:00:00,Quarterly,"Chain linked volumes (2020), million euro",Unadjusted data (i.e. neither seasonally adjusted nor calendar adjusted data),Total - all NACE activities,"Value added, gross",Italy,2001-Q1,381526.3,,
ESTAT:NAMQ_10_A10(1.0),27/01/25 23:00:00,Quarterly,"Chain linked volumes (2020), million euro",Unadjusted data (i.e. neither seasonally adjusted nor calendar adjusted data),Total - all NACE activities,"Value added, gross",Italy,2001-Q2,397811.6,,
ESTAT:NAMQ_10_A10(1.0),27/01/25 23:00:00,Quarterly,"Chain linked volumes (2020), million euro",Unadjusted data (i.e. neither seasonally adjusted nor calendar adjusted data),Total - all NACE activities,"Value added, gross",Italy,2001-Q3,386844.4,,
ESTAT:NAMQ_10_A10(1.0),27/01/25 23:00:00,Quarterly,"Chain linked volumes (2020), million euro",Unadjusted data (i.e. neither seasonally adjusted nor calendar adjusted data),Total - all NACE activities,"Value added, gross",Italy,2001-Q4,405648.7,,
ESTAT:NAMQ_10_A10(1.0),27/01/25 23:00:00,Quarterly,"Chain linked volumes (2020), million euro",Unadjusted data (i.e. neither seasonally adjusted nor calendar adjusted data),Total - all NACE activities,"Value added, gross",Italy,2002-Q1,378880.1,,
ESTAT:NAMQ_10_A10(1.0),27/01/25 23:00:00,Quarterly,"Chain linked volumes (2020), million euro",Unadjusted data (i.e. neither seasonally adjusted nor calendar adjusted data),Total - all NACE activities,"Value added, gross",Italy,2002-Q2,397398.0,,
ESTAT:NAMQ_10_A10(1.0),27/01/25 23:00:00,Quarterly,"Chain linked volumes (2020), million euro",Unadjusted data (i.e. neither seasonally adjusted nor calendar adjusted data),Total - all NACE activities,"Value added, gross",Italy,2002-Q3,390824.2,,
ESTAT:NAMQ_10_A10(1.0),27/01/25 23:00:00,Quarterly,"Chain linked volumes (2020), million euro",Unadjusted data (i.e. neither seasonally adjusted nor calendar adjusted data),Total - all NACE activities,"Value added, gross",Italy,2002-Q4,410658.6,,
ESTAT:NAMQ_10_A10(1.0),27/01/25 23:00:00,Quarterly,"Chain linked volumes (2020), million euro",Unadjusted data (i.e. neither seasonally adjusted nor calendar adjusted data),Total - all NACE activities,"Value added, gross",Italy,2003-Q1,380420.3,,
ESTAT:NAMQ_10_A10(1.0),27/01/25 23:00:00,Quarterly,"Chain linked volumes (2020), million euro",Unadjusted data (i.e. neither seasonally adjusted nor calendar adjusted data),Total - all NACE activities,"Value added, gross",Italy,2003-Q2,397204.0,,
ESTAT:NAMQ_10_A10(1.0),27/01/25 23:00:00,Quarterly,"Chain linked volumes (2020), million euro",Unadjusted data (i.e. neither seasonally adjusted nor calendar adjusted data),Total - all NACE activities,"Value added, gross",Italy,2003-Q3,390523.4,,
ESTAT:NAMQ_10_A10(1.0),27/01/25 23:00:00,Quarterly,"Chain linked volumes (2020), million euro",Unadjusted data (i.e. neither seasonally adjusted nor calendar adjusted data),Total - all NACE activities,"Value added, gross",Italy,2003-Q4,410254.2,,
ESTAT:NAMQ_10_A10(1.0),27/01/25 23:00:00,Quarterly,"Chain linked volumes (2020), million euro",Unadjusted data (i.e. neither seasonally adjusted nor calendar adjusted data),Total - all NACE activities,"Value added, gross",Italy,2004-Q1,385097.8,,
ESTAT:NAMQ_10_A10(1.0),27/01/25 23:00:00,Quarterly,"Chain linked volumes (2020), million euro",Unadjusted data (i.e. neither seasonally adjusted nor calendar adjusted data),Total - all NACE activities,"Value added, gross",Italy,2004-Q2,405222.0,,
ESTAT:NAMQ_10_A10(1.0),27/01/25 23:00:00,Quarterly,"Chain linked volumes (2020), million euro",Unadjusted data (i.e. neither seasonally adjusted nor calendar adjusted data),Total - all NACE activities,"Value added, gross",Italy,2004-Q3,398781.9,,
ESTAT:NAMQ_10_A10(1.0),27/01/25 23:00:00,Quarterly,"Chain linked volumes (2020), million euro",Unadjusted data (i.e. neither seasonally adjusted nor calendar adjusted data),Total - all NACE activities,"Value added, gross",Italy,2004-Q4,415446.9,,
ESTAT:NAMQ_10_A10(1.0),27/01/25 23:00:00,Quarterly,"Chain linked volumes (2020), million euro",Unadjusted data (i.e. neither seasonally adjusted nor calendar adjusted data),Total - all NACE activities,"Value added, gross",Italy,2005-Q1,385240.5,,
ESTAT:NAMQ_10_A10(1.0),27/01/25 23:00:00,Quarterly,"Chain linked volumes (2020), million euro",Unadjusted data (i.e. neither seasonally adjusted nor calendar adjusted data),Total - all NACE activities,"Value added, gross",Italy,2005-Q2,409011.2,,
ESTAT:NAMQ_10_A10(1.0),27/01/25 23:00:00,Quarterly,"Chain linked volumes (2020), million euro",Unadjusted data (i.e. neither seasonally adjusted nor calendar adjusted data),Total - all NACE activities,"Value added, gross",Italy,2005-Q3,404250.4,,
ESTAT:NAMQ_10_A10(1.0),27/01/25 23:00:00,Quarterly,"Chain linked volumes (2020), million euro",Unadjusted data (i.e. neither seasonally adjusted nor calendar adjusted data),Total - all NACE activities,"Value added, gross",Italy,2005-Q4,418637.8,,
ESTAT:NAMQ_10_A10(1.0),27/01/25 23:00:00,Quarterly,"Chain linked volumes (2020), million euro",Unadjusted data (i.e. neither seasonally adjusted nor calendar adjusted data),Total - all NACE activities,"Value added, gross",Italy,2006-Q1,396772.0,,
ESTAT:NAMQ_10_A10(1.0),27/01/25 23:00:00,Quarterly,"Chain linked volumes (2020), million euro",Unadjusted data (i.e. neither seasonally adjusted nor calendar adjusted data),Total - all NACE activities,"Value added, gross",Italy,2006-Q2,415384.0,,
ESTAT:NAMQ_10_A10(1.0),27/01/25 23:00:00,Quarterly,"Chain linked volumes (2020), million euro",Unadjusted data (i.e. neither seasonally adjusted nor calendar adjusted data),Total - all NACE activities,"Value added, gross",Italy,2006-Q3,409417.2,,
ESTAT:NAMQ_10_A10(1.0),27/01/25 23:00:00,Quarterly,"Chain linked volumes (2020), million euro",Unadjusted data (i.e. neither seasonally adjusted nor calendar adjusted data),Total - all NACE activities,"Value added, gross",Italy,2006-Q4,426861.1,,
ESTAT:NAMQ_10_A10(1.0),27/01/25 23:00:00,Quarterly,"Chain linked volumes (2020), million euro",Unadjusted data (i.e. neither seasonally adjusted nor calendar adjusted data),Total - all NACE activities,"Value added, gross",Italy,2007-Q1,405145.1,,
ESTAT:NAMQ_10_A10(1.0),27/01/25 23:00:00,Quarterly,"Chain linked volumes (2020), million euro",Unadjusted data (i.e. neither seasonally adjusted nor calendar adjusted data),Total - all NACE activities,"Value added, gross",Italy,2007-Q2,424190.6,,
ESTAT:NAMQ_10_A10(1.0),27/01/25 23:00:00,Quarterly,"Chain linked volumes (2020), million euro",Unadjusted data (i.e. neither seasonally adjusted nor calendar adjusted data),Total - all NACE activities,"Value added, gross",Italy,2007-Q3,416835.0,,
ESTAT:NAMQ_10_A10(1.0),27/01/25 23:00:00,Quarterly,"Chain linked volumes (2020), million euro",Unadjusted data (i.e. neither seasonally adjusted nor calendar adjusted data),Total - all NACE activities,"Value added, gross",Italy,2007-Q4,428525.9,,
ESTAT:NAMQ_10_A10(1.0),27/01/25 23:00:00,Quarterly,"Chain linked volumes (2020), million euro",Unadjusted data (i.e. neither seasonally adjusted nor calendar adjusted data),Total - all NACE activities,"Value added, gross",Italy,2008-Q1,409945.3,,
ESTAT:NAMQ_10_A10(1.0),27/01/25 23:00:00,Quarterly,"Chain linked volumes (2020), million euro",Unadjusted data (i.e. neither seasonally adjusted nor calendar adjusted data),Total - all NACE activities,"Value added, gross",Italy,2008-Q2,423737.3,,
ESTAT:NAMQ_10_A10(1.0),27/01/25 23:00:00,Quarterly,"Chain linked volumes (2020), million euro",Unadjusted data (i.e. neither seasonally adjusted nor calendar adjusted data),Total - all NACE activities,"Value added, gross",Italy,2008-Q3,414332.3,,
ESTAT:NAMQ_10_A10(1.0),27/01/25 23:00:00,Quarterly,"Chain linked volumes (2020), million euro",Unadjusted data (i.e. neither seasonally adjusted nor calendar adjusted data),Total - all NACE activities,"Value added, gross",Italy,2008-Q4,412861.7,,
ESTAT:NAMQ_10_A10(1.0),27/01/25 23:00:00,Quarterly,"Chain linked volumes (2020), million euro",Unadjusted data (i.e. neither seasonally adjusted nor calendar adjusted data),Total - all NACE activities,"Value added, gross",Italy,2009-Q1,379151.4,,
ESTAT:NAMQ_10_A10(1.0),27/01/25 23:00:00,Quarterly,"Chain linked volumes (2020), million euro",Unadjusted data (i.e. neither seasonally adjusted nor calendar adjusted data),Total - all NACE activities,"Value added, gross",Italy,2009-Q2,392915.0,,
ESTAT:NAMQ_10_A10(1.0),27/01/25 23:00:00,Quarterly,"Chain linked volumes (2020), million euro",Unadjusted data (i.e. neither seasonally adjusted nor calendar adjusted data),Total - all NACE activities,"Value added, gross",Italy,2009-Q3,394499.9,,
ESTAT:NAMQ_10_A10(1.0),27/01/25 23:00:00,Quarterly,"Chain linked volumes (2020), million euro",Unadjusted data (i.e. neither seasonally adjusted nor calendar adjusted data),Total - all NACE activities,"Value added, gross",Italy,2009-Q4,402477.9,,
ESTAT:NAMQ_10_A10(1.0),27/01/25 23:00:00,Quarterly,"Chain linked volumes (2020), million euro",Unadjusted data (i.e. neither seasonally adjusted nor calendar adjusted data),Total - all NACE activities,"Value added, gross",Italy,2010-Q1,382164.0,,
ESTAT:NAMQ_10_A10(1.0),27/01/25 23:00:00,Quarterly,"Chain linked volumes (2020), million euro",Unadjusted data (i.e. neither seasonally adjusted nor calendar adjusted data),Total - all NACE activities,"Value added, gross",Italy,2010-Q2,401744.9,,
ESTAT:NAMQ_10_A10(1.0),27/01/25 23:00:00,Quarterly,"Chain linked volumes (2020), million euro",Unadjusted data (i.e. neither seasonally adjusted nor calendar adjusted data),Total - all NACE activities,"Value added, gross",Italy,2010-Q3,401230.1,,
ESTAT:NAMQ_10_A10(1.0),27/01/25 23:00:00,Quarterly,"Chain linked volumes (2020), million euro",Unadjusted data (i.e. neither seasonally adjusted nor calendar adjusted data),Total - all NACE activities,"Value added, gross",Italy,2010-Q4,412266.2,,
ESTAT:NAMQ_10_A10(1.0),27/01/25 23:00:00,Quarterly,"Chain linked volumes (2020), million euro",Unadjusted data (i.e. neither seasonally adjusted nor calendar adjusted data),Total - all NACE activities,"Value added, gross",Italy,2011-Q1,391786.4,,
ESTAT:NAMQ_10_A10(1.0),27/01/25 23:00:00,Quarterly,"Chain linked volumes (2020), million euro",Unadjusted data (i.e. neither seasonally adjusted nor calendar adjusted data),Total - all NACE activities,"Value added, gross",Italy,2011-Q2,408052.3,,
ESTAT:NAMQ_10_A10(1.0),27/01/25 23:00:00,Quarterly,"Chain linked volumes (2020), million euro",Unadjusted data (i.e. neither seasonally adjusted nor calendar adjusted data),Total - all NACE activities,"Value added, gross",Italy,2011-Q3,404141.8,,
ESTAT:NAMQ_10_A10(1.0),27/01/25 23:00:00,Quarterly,"Chain linked volumes (2020), million euro",Unadjusted data (i.e. neither seasonally adjusted nor calendar adjusted data),Total - all NACE activities,"Value added, gross",Italy,2011-Q4,405921.3,,
ESTAT:NAMQ_10_A10(1.0),27/01/25 23:00:00,Quarterly,"Chain linked volumes (2020), million euro",Unadjusted data (i.e. neither seasonally adjusted nor calendar adjusted data),Total - all NACE activities,"Value added, gross",Italy,2012-Q1,383193.2,,
ESTAT:NAMQ_10_A10(1.0),27/01/25 23:00:00,Quarterly,"Chain linked volumes (2020), million euro",Unadjusted data (i.e. neither seasonally adjusted nor calendar adjusted data),Total - all NACE activities,"Value added, gross",Italy,2012-Q2,394993.9,,
ESTAT:NAMQ_10_A10(1.0),27/01/25 23:00:00,Quarterly,"Chain linked volumes (2020), million euro",Unadjusted data (i.e. neither seasonally adjusted nor calendar adjusted data),Total - all NACE activities,"Value added, gross",Italy,2012-Q3,391305.8,,
ESTAT:NAMQ_10_A10(1.0),27/01/25 23:00:00,Quarterly,"Chain linked volumes (2020), million euro",Unadjusted data (i.e. neither seasonally adjusted nor calendar adjusted data),Total - all NACE activities,"Value added, gross",Italy,2012-Q4,394948.1,,
ESTAT:NAMQ_10_A10(1.0),27/01/25 23:00:00,Quarterly,"Chain linked volumes (2020), million euro",Unadjusted data (i.e. neither seasonally adjusted nor calendar adjusted data),Total - all NACE activities,"Value added, gross",Italy,2013-Q1,371253.7,,
ESTAT:NAMQ_10_A10(1.0),27/01/25 23:00:00,Quarterly,"Chain linked volumes (2020), million euro",Unadjusted data (i.e. neither seasonally adjusted nor calendar adjusted data),Total - all NACE activities,"Value added, gross",Italy,2013-Q2,386920.2,,
ESTAT:NAMQ_10_A10(1.0),27/01/25 23:00:00,Quarterly,"Chain linked volumes (2020), million euro",Unadjusted data (i.e. neither seasonally adjusted nor calendar adjusted data),Total - all NACE activities,"Value added, gross",Italy,2013-Q3,389006.1,,
ESTAT:NAMQ_10_A10(1.0),27/01/25 23:00:00,Quarterly,"Chain linked volumes (2020), million euro",Unadjusted data (i.e. neither seasonally adjusted nor calendar adjusted data),Total - all NACE activities,"Value added, gross",Italy,2013-Q4,393698.1,,
ESTAT:NAMQ_10_A10(1.0),27/01/25 23:00:00,Quarterly,"Chain linked volumes (2020), million euro",Unadjusted data (i.e. neither seasonally adjusted nor calendar adjusted data),Total - all NACE activities,"Value added, gross",Italy,2014-Q1,371800.6,,
ESTAT:NAMQ_10_A10(1.0),27/01/25 23:00:00,Quarterly,"Chain linked volumes (2020), million euro",Unadjusted data (i.e. neither seasonally adjusted nor calendar adjusted data),Total - all NACE activities,"Value added, gross",Italy,2014-Q2,386666.4,,
ESTAT:NAMQ_10_A10(1.0),27/01/25 23:00:00,Quarterly,"Chain linked volumes (2020), million euro",Unadjusted data (i.e. neither seasonally adjusted nor calendar adjusted data),Total - all NACE activities,"Value added, gross",Italy,2014-Q3,388828.7,,
ESTAT:NAMQ_10_A10(1.0),27/01/25 23:00:00,Quarterly,"Chain linked volumes (2020), million euro",Unadjusted data (i.e. neither seasonally adjusted nor calendar adjusted data),Total - all NACE activities,"Value added, gross",Italy,2014-Q4,392511.1,,
ESTAT:NAMQ_10_A10(1.0),27/01/25 23:00:00,Quarterly,"Chain linked volumes (2020), million euro",Unadjusted data (i.e. neither seasonally adjusted nor calendar adjusted data),Total - all NACE activities,"Value added, gross",Italy,2015-Q1,373227.6,,
ESTAT:NAMQ_10_A10(1.0),27/01/25 23:00:00,Quarterly,"Chain linked volumes (2020), million euro",Unadjusted data (i.e. neither seasonally adjusted nor calendar adjusted data),Total - all NACE activities,"Value added, gross",Italy,2015-Q2,389467.5,,
ESTAT:NAMQ_10_A10(1.0),27/01/25 23:00:00,Quarterly,"Chain linked volumes (2020), million euro",Unadjusted data (i.e. neither seasonally adjusted nor calendar adjusted data),Total - all NACE activities,"Value added, gross",Italy,2015-Q3,391989.5,,
ESTAT:NAMQ_10_A10(1.0),27/01/25 23:00:00,Quarterly,"Chain linked volumes (2020), million euro",Unadjusted data (i.e. neither seasonally adjusted nor calendar adjusted data),Total - all NACE activities,"Value added, gross",Italy,2015-Q4,399475.2,,
ESTAT:NAMQ_10_A10(1.0),27/01/25 23:00:00,Quarterly,"Chain linked volumes (2020), million euro",Unadjusted data (i.e. neither seasonally adjusted nor calendar adjusted data),Total - all NACE activities,"Value added, gross",Italy,2016-Q1,378018.3,,
ESTAT:NAMQ_10_A10(1.0),27/01/25 23:00:00,Quarterly,"Chain linked volumes (2020), million euro",Unadjusted data (i.e. neither seasonally adjusted nor calendar adjusted data),Total - all NACE activities,"Value added, gross",Italy,2016-Q2,394811.1,,
ESTAT:NAMQ_10_A10(1.0),27/01/25 23:00:00,Quarterly,"Chain linked volumes (2020), million euro",Unadjusted data (i.e. neither seasonally adjusted nor calendar adjusted data),Total - all NACE activities,"Value added, gross",Italy,2016-Q3,397648.3,,
ESTAT:NAMQ_10_A10(1.0),27/01/25 23:00:00,Quarterly,"Chain linked volumes (2020), million euro",Unadjusted data (i.e. neither seasonally adjusted nor calendar adjusted data),Total - all NACE activities,"Value added, gross",Italy,2016-Q4,404928.7,,
ESTAT:NAMQ_10_A10(1.0),27/01/25 23:00:00,Quarterly,"Chain linked volumes (2020), million euro",Unadjusted data (i.e. neither seasonally adjusted nor calendar adjusted data),Total - all NACE activities,"Value added, gross",Italy,2017-Q1,387884.1,,
ESTAT:NAMQ_10_A10(1.0),27/01/25 23:00:00,Quarterly,"Chain linked volumes (2020), million euro",Unadjusted data (i.e. neither seasonally adjusted nor calendar adjusted data),Total - all NACE activities,"Value added, gross",Italy,2017-Q2,402093.2,,
ESTAT:NAMQ_10_A10(1.0),27/01/25 23:00:00,Quarterly,"Chain linked volumes (2020), million euro",Unadjusted data (i.e. neither seasonally adjusted nor calendar adjusted data),Total - all NACE activities,"Value added, gross",Italy,2017-Q3,402650.5,,
ESTAT:NAMQ_10_A10(1.0),27/01/25 23:00:00,Quarterly,"Chain linked volumes (2020), million euro",Unadjusted data (i.e. neither seasonally adjusted nor calendar adjusted data),Total - all NACE activities,"Value added, gross",Italy,2017-Q4,411807.2,,
ESTAT:NAMQ_10_A10(1.0),27/01/25 23:00:00,Quarterly,"Chain linked volumes (2020), million euro",Unadjusted data (i.e. neither seasonally adjusted nor calendar adjusted data),Total - all NACE activities,"Value added, gross",Italy,2018-Q1,391085.4,,
ESTAT:NAMQ_10_A10(1.0),27/01/25 23:00:00,Quarterly,"Chain linked volumes (2020), million euro",Unadjusted data (i.e. neither seasonally adjusted nor calendar adjusted data),Total - all NACE activities,"Value added, gross",Italy,2018-Q2,407082.3,,
ESTAT:NAMQ_10_A10(1.0),27/01/25 23:00:00,Quarterly,"Chain linked volumes (2020), million euro",Unadjusted data (i.e. neither seasonally adjusted nor calendar adjusted data),Total - all NACE activities,"Value added, gross",Italy,2018-Q3,406354.4,,
ESTAT:NAMQ_10_A10(1.0),27/01/25 23:00:00,Quarterly,"Chain linked volumes (2020), million euro",Unadjusted data (i.e. neither seasonally adjusted nor calendar adjusted data),Total - all NACE activities,"Value added, gross",Italy,2018-Q4,415820.6,,
ESTAT:NAMQ_10_A10(1.0),27/01/25 23:00:00,Quarterly,"Chain linked volumes (2020), million euro",Unadjusted data (i.e. neither seasonally adjusted nor calendar adjusted data),Total - all NACE activities,"Value added, gross",Italy,2019-Q1,393353.2,,
ESTAT:NAMQ_10_A10(1.0),27/01/25 23:00:00,Quarterly,"Chain linked volumes (2020), million euro",Unadjusted data (i.e. neither seasonally adjusted nor calendar adjusted data),Total - all NACE activities,"Value added, gross",Italy,2019-Q2,410172.1,,
ESTAT:NAMQ_10_A10(1.0),27/01/25 23:00:00,Quarterly,"Chain linked volumes (2020), million euro",Unadjusted data (i.e. neither seasonally adjusted nor calendar adjusted data),Total - all NACE activities,"Value added, gross",Italy,2019-Q3,410810.9,,
ESTAT:NAMQ_10_A10(1.0),27/01/25 23:00:00,Quarterly,"Chain linked volumes (2020), million euro",Unadjusted data (i.e. neither seasonally adjusted nor calendar adjusted data),Total - all NACE activities,"Value added, gross",Italy,2019-Q4,417392.5,,
ESTAT:NAMQ_10_A10(1.0),27/01/25 23:00:00,Quarterly,"Chain linked volumes (2020), million euro",Unadjusted data (i.e. neither seasonally adjusted nor calendar adjusted data),Total - all NACE activities,"Value added, gross",Italy,2020-Q1,371727.9,,
ESTAT:NAMQ_10_A10(1.0),27/01/25 23:00:00,Quarterly,"Chain linked volumes (2020), million euro",Unadjusted data (i.e. neither seasonally adjusted nor calendar adjusted data),Total - all NACE activities,"Value added, gross",Italy,2020-Q2,338367.2,,
ESTAT:NAMQ_10_A10(1.0),27/01/25 23:00:00,Quarterly,"Chain linked volumes (2020), million euro",Unadjusted data (i.e. neither seasonally adjusted nor calendar adjusted data),Total - all NACE activities,"Value added, gross",Italy,2020-Q3,389617.7,,
ESTAT:NAMQ_10_A10(1.0),27/01/25 23:00:00,Quarterly,"Chain linked volumes (2020), million euro",Unadjusted data (i.e. neither seasonally adjusted nor calendar adjusted data),Total - all NACE activities,"Value added, gross",Italy,2020-Q4,396609.4,,
ESTAT:NAMQ_10_A10(1.0),27/01/25 23:00:00,Quarterly,"Chain linked volumes (2020), million euro",Unadjusted data (i.e. neither seasonally adjusted nor calendar adjusted data),Total - all NACE activities,"Value added, gross",Italy,2021-Q1,381703.0,,
ESTAT:NAMQ_10_A10(1.0),27/01/25 23:00:00,Quarterly,"Chain linked volumes (2020), million euro",Unadjusted data (i.e. neither seasonally adjusted nor calendar adjusted data),Total - all NACE activities,"Value added, gross",Italy,2021-Q2,403676.3,,
ESTAT:NAMQ_10_A10(1.0),27/01/25 23:00:00,Quarterly,"Chain linked volumes (2020), million euro",Unadjusted data (i.e. neither seasonally adjusted nor calendar adjusted data),Total - all NACE activities,"Value added, gross",Italy,2021-Q3,417029.3,,
ESTAT:NAMQ_10_A10(1.0),27/01/25 23:00:00,Quarterly,"Chain linked volumes (2020), million euro",Unadjusted data (i.e. neither seasonally adjusted nor calendar adjusted data),Total - all NACE activities,"Value added, gross",Italy,2021-Q4,428061.1,,
ESTAT:NAMQ_10_A10(1.0),27/01/25 23:00:00,Quarterly,"Chain linked volumes (2020), million euro",Unadjusted data (i.e. neither seasonally adjusted nor calendar adjusted data),Total - all NACE activities,"Value added, gross",Italy,2022-Q1,410239.6,,
ESTAT:NAMQ_10_A10(1.0),27/01/25 23:00:00,Quarterly,"Chain linked volumes (2020), million euro",Unadjusted data (i.e. neither seasonally adjusted nor calendar adjusted data),Total - all NACE activities,"Value added, gross",Italy,2022-Q2,431319.1,,
ESTAT:NAMQ_10_A10(1.0),27/01/25 23:00:00,Quarterly,"Chain linked volumes (2020), million euro",Unadjusted data (i.e. neither seasonally adjusted nor calendar adjusted data),Total - all NACE activities,"Value added, gross",Italy,2022-Q3,433117.4,,
ESTAT:NAMQ_10_A10(1.0),27/01/25 23:00:00,Quarterly,"Chain linked volumes (2020), million euro",Unadjusted data (i.e. neither seasonally adjusted nor calendar adjusted data),Total - all NACE activities,"Value added, gross",Italy,2022-Q4,438961.0,,
ESTAT:NAMQ_10_A10(1.0),27/01/25 23:00:00,Quarterly,"Chain linked volumes (2020), million euro",Unadjusted data (i.e. neither seasonally adjusted nor calendar adjusted data),Total - all NACE activities,"Value added, gross",Italy,2023-Q1,421707.5,,
ESTAT:NAMQ_10_A10(1.0),27/01/25 23:00:00,Quarterly,"Chain linked volumes (2020), million euro",Unadjusted data (i.e. neither seasonally adjusted nor calendar adjusted data),Total - all NACE activities,"Value added, gross",Italy,2023-Q2,432193.1,,
ESTAT:NAMQ_10_A10(1.0),27/01/25 23:00:00,Quarterly,"Chain linked volumes (2020), million euro",Unadjusted data (i.e. neither seasonally adjusted nor calendar adjusted data),Total - all NACE activities,"Value added, gross",Italy,2023-Q3,433121.2,,
ESTAT:NAMQ_10_A10(1.0),27/01/25 23:00:00,Quarterly,"Chain linked volumes (2020), million euro",Unadjusted data (i.e. neither seasonally adjusted nor calendar adjusted data),Total - all NACE activities,"Value added, gross",Italy,2023-Q4,439130.7,,
ESTAT:NAMQ_10_A10(1.0),27/01/25 23:00:00,Quarterly,"Chain linked volumes (2020), million euro",Unadjusted data (i.e. neither seasonally adjusted nor calendar adjusted data),Total - all NACE activities,"Value added, gross",Italy,2024-Q1,422397.9,,
ESTAT:NAMQ_10_A10(1.0),27/01/25 23:00:00,Quarterly,"Chain linked volumes (2020), million euro",Unadjusted data (i.e. neither seasonally adjusted nor calendar adjusted data),Total - all NACE activities,"Value added, gross",Italy,2024-Q2,435315.8,,
ESTAT:NAMQ_10_A10(1.0),27/01/25 23:00:00,Quarterly,"Chain linked volumes (2020), million euro",Unadjusted data (i.e. neither seasonally adjusted nor calendar adjusted data),Total - all NACE activities,"Value added, gross",Italy,2024-Q3,435755.3,,
