STRUCTURE,STRUCTURE_ID,STRUCTURE_NAME,ACTION,LOCATION,Country,INDICATOR,Indicator,SUBJECT,Subject,MEASURE,Measure,FREQUENCY,Frequency,TIME_PERIOD,Time,OBS_VALUE,Observation Value,OBS_STATUS,Observation Status,UNIT_MEASURE,Unit of Measures,UNIT_MULT,Multiplier,BASE_PER,Base reference period
DATAFLOW,OECD:DF_DP_LIVE(1.0),OECD Data Archive,I,SWE,Sweden,GDPHRWKD,GDP per hour worked,TOT,Total,IDX2015,2015=100,A,Annual,2020,,104.029507,,A,,,,,,,
DATAFLOW,OECD:DF_DP_LIVE(1.0),OECD Data Archive,I,FRA,France,GDPHRWKD,GDP per hour worked,TOT,Total,IDX2015,2015=100,A,Annual,2020,,103.5224,,A,,,,,,,
DATAFLOW,OECD:DF_DP_LIVE(1.0),OECD Data Archive,I,DEU,Germany,GDPHRWKD,GDP per hour worked,TOT,Total,IDX2015,2015=100,A,Annual,2022,,106.460679,,A,,,,,,,
DATAFLOW,OECD:DF_DP_LIVE(1.0),OECD Data Archive,I,OECD,OECD - Total,GDPHRWKD,GDP per hour worked,TOT,Total,IDX2015,2015=100,A,Annual,2000,,83.926197,,A,,,,,,,
DATAFLOW,OECD:DF_DP_LIVE(1.0),OECD Data Archive,I,GBR,United Kingdom,GDPHRWKD,GDP per hour worked,TOT,Total,IDX2015,2015=100,A,Annual,2000,,87.228252,,A,,,,,,,
DATAFLOW,OECD:DF_DP_LIVE(1.0),OECD Data Archive,I,POL,Poland,GDPHRWKD,GDP per hour worked,TOT,Total,IDX2015,2015=100,A,Annual,2000,,63.769914,,A,,,,,,,
DATAFLOW,OECD:DF_DP_LIVE(1.0),OECD Data Archive,I,USA,United States,GDPHRWKD,GDP per hour worked,TOT,Total,IDX2015,2015=100,A,Annual,2003,,85.398085,,A,,,,,,,
DATAFLOW,OECD:DF_DP_LIVE(1.0),OECD Data Archive,I,ITA,Italy,GDPHRWKD,GDP per hour worked,TOT,Total,IDX2015,2015=100,A,Annual,2003,,98.298734,,A,,,,,,,
DATAFLOW,OECD:DF_DP_LIVE(1.0),OECD Data Archive,I,ROU,Romania,GDPHRWKD,GDP per hour worked,TOT,Total,IDX2015,2015=100,A,Annual,2015,,100,,A,,,,,,,
DATAFLOW,OECD:DF_DP_LIVE(1.0),OECD Data Archive,I,ESP,Spain,GDPHRWKD,GDP per hour worked,TOT,Total,IDX2015,2015=100,A,Annual,2015,,100,,A,,,,,,,
DATAFLOW,OECD:DF_DP_LIVE(1.0),OECD Data Archive,I,EA19,Euro area (19 countries),GDPHRWKD,GDP per hour worked,TOT,Total,IDX2015,2015=100,A,Annual,2003,,90.11415,,A,,,,,,,
DATAFLOW,OECD:DF_DP_LIVE(1.0),OECD Data Archive,I,NLD,Netherlands,GDPHRWKD,GDP per hour worked,TOT,Total,IDX2015,2015=100,A,Annual,2004,,92.289979,,A,,,,,,,
DATAFLOW,OECD:DF_DP_LIVE(1.0),OECD Data Archive,I,ESP,Spain,GDPHRWKD,GDP per hour worked,TOT,Total,IDX2015,2015=100,A,Annual,2002,,87.127687,,A,,,,,,,
DATAFLOW,OECD:DF_DP_LIVE(1.0),OECD Data Archive,I,NOR,Norway,GDPHRWKD,GDP per hour worked,TOT,Total,IDX2015,2015=100,A,Annual,2006,,101.519448,,A,,,,,,,
DATAFLOW,OECD:DF_DP_LIVE(1.0),OECD Data Archive,I,DEU,Germany,GDPHRWKD,GDP per hour worked,TOT,Total,IDX2015,2015=100,A,Annual,2006,,94.536022,,A,,,,,,,
DATAFLOW,OECD:DF_DP_LIVE(1.0),OECD Data Archive,I,SWE,Sweden,GDPHRWKD,GDP per hour worked,TOT,Total,IDX2015,2015=100,A,Annual,2001,,80.260403,,A,,,,,,,
DATAFLOW,OECD:DF_DP_LIVE(1.0),OECD Data Archive,I,FRA,France,GDPHRWKD,GDP per hour worked,TOT,Total,IDX2015,2015=100,A,Annual,2001,,89.163111,,A,,,,,,,
DATAFLOW,OECD:DF_DP_LIVE(1.0),OECD Data Archive,I,EU27_2020,European Union – 27 countries (from 01/02/2020),GDPHRWKD,GDP per hour worked,TOT,Total,IDX2015,2015=100,A,Annual,2005,,91.067559,,A,,,,,,,
DATAFLOW,OECD:DF_DP_LIVE(1.0),OECD Data Archive,I,ROU,Romania,GDPHRWKD,GDP per hour worked,TOT,Total,IDX2015,2015=100,A,Annual,2005,,67.132879,,A,,,,,,,
DATAFLOW,OECD:DF_DP_LIVE(1.0),OECD Data Archive,I,ROU,Romania,GDPHRWKD,GDP per hour worked,TOT,Total,IDX2015,2015=100,A,Annual,2021,,122.138585,,A,,,,,,,
DATAFLOW,OECD:DF_DP_LIVE(1.0),OECD Data Archive,I,USA,United States,GDPHRWKD,GDP per hour worked,TOT,Total,IDX2015,2015=100,A,Annual,2021,,108.386615,,A,,,,,,,
DATAFLOW,OECD:DF_DP_LIVE(1.0),OECD Data Archive,I,PRT,Portugal,GDPHRWKD,GDP per hour worked,TOT,Total,IDX2015,2015=100,A,Annual,2007,,94.119584,,A,,,,,,,
DATAFLOW,OECD:DF_DP_LIVE(1.0),OECD Data Archive,I,SWE,Sweden,GDPHRWKD,GDP per hour worked,TOT,Total,IDX2015,2015=100,A,Annual,2009,,91.828442,,A,,,,,,,
DATAFLOW,OECD:DF_DP_LIVE(1.0),OECD Data Archive,I,FRA,France,GDPHRWKD,GDP per hour worked,TOT,Total,IDX2015,2015=100,A,Annual,2009,,94.440997,,A,,,,,,,
DATAFLOW,OECD:DF_DP_LIVE(1.0),OECD Data Archive,I,ESP,Spain,GDPHRWKD,GDP per hour worked,TOT,Total,IDX2015,2015=100,A,Annual,2010,,94.231736,,A,,,,,,,
DATAFLOW,OECD:DF_DP_LIVE(1.0),OECD Data Archive,I,NLD,Netherlands,GDPHRWKD,GDP per hour worked,TOT,Total,IDX2015,2015=100,A,Annual,2012,,97.557434,,A,,,,,,,
DATAFLOW,OECD:DF_DP_LIVE(1.0),OECD Data Archive,I,POL,Poland,GDPHRWKD,GDP per hour worked,TOT,Total,IDX2015,2015=100,A,Annual,2012,,94.895242,,A,,,,,,,
DATAFLOW,OECD:DF_DP_LIVE(1.0),OECD Data Archive,I,NOR,Norway,GDPHRWKD,GDP per hour worked,TOT,Total,IDX2015,2015=100,A,Annual,2022,,103.376935,,A,,,,,,,
DATAFLOW,OECD:DF_DP_LIVE(1.0),OECD Data Archive,I,ESP,Spain,GDPHRWKD,GDP per hour worked,TOT,Total,IDX2015,2015=100,A,Annual,2016,,100.457181,,A,,,,,,,
DATAFLOW,OECD:DF_DP_LIVE(1.0),OECD Data Archive,I,PRT,Portugal,GDPHRWKD,GDP per hour worked,TOT,Total,IDX2015,2015=100,A,Annual,2014,,100.020753,,A,,,,,,,
DATAFLOW,OECD:DF_DP_LIVE(1.0),OECD Data Archive,I,OECD,OECD - Total,GDPHRWKD,GDP per hour worked,TOT,Total,IDX2015,2015=100,A,Annual,2014,,98.910434,,A,,,,,,,
DATAFLOW,OECD:DF_DP_LIVE(1.0),OECD Data Archive,I,OECD,OECD - Total,GDPHRWKD,GDP per hour worked,TOT,Total,IDX2015,2015=100,A,Annual,2008,,94.085147,,A,,,,,,,
DATAFLOW,OECD:DF_DP_LIVE(1.0),OECD Data Archive,I,GBR,United Kingdom,GDPHRWKD,GDP per hour worked,TOT,Total,IDX2015,2015=100,A,Annual,2008,,98.225392,,A,,,,,,,
DATAFLOW,OECD:DF_DP_LIVE(1.0),OECD Data Archive,I,POL,Poland,GDPHRWKD,GDP per hour worked,TOT,Total,IDX2015,2015=100,A,Annual,2008,,81.429216,,A,,,,,,,
DATAFLOW,OECD:DF_DP_LIVE(1.0),OECD Data Archive,I,NLD,Netherlands,GDPHRWKD,GDP per hour worked,TOT,Total,IDX2015,2015=100,A,Annual,2020,,99.539756,,A,,,,,,,
DATAFLOW,OECD:DF_DP_LIVE(1.0),OECD Data Archive,I,POL,Poland,GDPHRWKD,GDP per hour worked,TOT,Total,IDX2015,2015=100,A,Annual,2020,,118.207222,,A,,,,,,,
DATAFLOW,OECD:DF_DP_LIVE(1.0),OECD Data Archive,I,EU27_2020,European Union – 27 countries (from 01/02/2020),GDPHRWKD,GDP per hour worked,TOT,Total,IDX2015,2015=100,A,Annual,2011,,96.569183,,A,,,,,,,
DATAFLOW,OECD:DF_DP_LIVE(1.0),OECD Data Archive,I,USA,United States,GDPHRWKD,GDP per hour worked,TOT,Total,IDX2015,2015=100,A,Annual,2011,,98.282918,,A,,,,,,,
DATAFLOW,OECD:DF_DP_LIVE(1.0),OECD Data Archive,I,ITA,Italy,GDPHRWKD,GDP per hour worked,TOT,Total,IDX2015,2015=100,A,Annual,2011,,99.606174,,A,,,,,,,
DATAFLOW,OECD:DF_DP_LIVE(1.0),OECD Data Archive,I,EA19,Euro area (19 countries),GDPHRWKD,GDP per hour worked,TOT,Total,IDX2015,2015=100,A,Annual,2011,,96.717472,,A,,,,,,,
DATAFLOW,OECD:DF_DP_LIVE(1.0),OECD Data Archive,I,ESP,Spain,GDPHRWKD,GDP per hour worked,TOT,Total,IDX2015,2015=100,A,Annual,2018,,101.103306,,A,,,,,,,
DATAFLOW,OECD:DF_DP_LIVE(1.0),OECD Data Archive,I,EU27_2020,European Union – 27 countries (from 01/02/2020),GDPHRWKD,GDP per hour worked,TOT,Total,IDX2015,2015=100,A,Annual,2019,,104.00043,,A,,,,,,,
DATAFLOW,OECD:DF_DP_LIVE(1.0),OECD Data Archive,I,PRT,Portugal,GDPHRWKD,GDP per hour worked,TOT,Total,IDX2015,2015=100,A,Annual,2019,,102.310317,,A,,,,,,,
DATAFLOW,OECD:DF_DP_LIVE(1.0),OECD Data Archive,I,ITA,Italy,GDPHRWKD,GDP per hour worked,TOT,Total,IDX2015,2015=100,A,Annual,2019,,100.82174,,A,,,,,,,
DATAFLOW,OECD:DF_DP_LIVE(1.0),OECD Data Archive,I,EA19,Euro area (19 countries),GDPHRWKD,GDP per hour worked,TOT,Total,IDX2015,2015=100,A,Annual,2019,,102.557733,,A,,,,,,,
DATAFLOW,OECD:DF_DP_LIVE(1.0),OECD Data Archive,I,ROU,Romania,GDPHRWKD,GDP per hour worked,TOT,Total,IDX2015,2015=100,A,Annual,2013,,91.559435,,A,,,,,,,
DATAFLOW,OECD:DF_DP_LIVE(1.0),OECD Data Archive,I,SWE,Sweden,GDPHRWKD,GDP per hour worked,TOT,Total,IDX2015,2015=100,A,Annual,2017,,100.270459,,A,,,,,,,
DATAFLOW,OECD:DF_DP_LIVE(1.0),OECD Data Archive,I,FRA,France,GDPHRWKD,GDP per hour worked,TOT,Total,IDX2015,2015=100,A,Annual,2017,,102.395091,,A,,,,,,,
DATAFLOW,OECD:DF_DP_LIVE(1.0),OECD Data Archive,I,NOR,Norway,GDPHRWKD,GDP per hour worked,TOT,Total,IDX2015,2015=100,A,Annual,2014,,98.738413,,A,,,,,,,
DATAFLOW,OECD:DF_DP_LIVE(1.0),OECD Data Archive,I,DEU,Germany,GDPHRWKD,GDP per hour worked,TOT,Total,IDX2015,2015=100,A,Annual,2014,,99.49312,,A,,,,,,,
DATAFLOW,OECD:DF_DP_LIVE(1.0),OECD Data Archive,I,OECD,OECD - Total,GDPHRWKD,GDP per hour worked,TOT,Total,IDX2015,2015=100,A,Annual,2016,,100.437881,,A,,,,,,,
DATAFLOW,OECD:DF_DP_LIVE(1.0),OECD Data Archive,I,GBR,United Kingdom,GDPHRWKD,GDP per hour worked,TOT,Total,IDX2015,2015=100,A,Annual,2016,,99.39092,,A,,,,,,,
DATAFLOW,OECD:DF_DP_LIVE(1.0),OECD Data Archive,I,OECD,OECD - Total,GDPHRWKD,GDP per hour worked,TOT,Total,IDX2015,2015=100,A,Annual,2022,,106.762927,,A,,,,,,,
DATAFLOW,OECD:DF_DP_LIVE(1.0),OECD Data Archive,I,GBR,United Kingdom,GDPHRWKD,GDP per hour worked,TOT,Total,IDX2015,2015=100,A,Annual,2022,,104.285141,,A,,,,,,,
DATAFLOW,OECD:DF_DP_LIVE(1.0),OECD Data Archive,I,ROU,Romania,GDPHRWKD,GDP per hour worked,TOT,Total,IDX2015,2015=100,A,Annual,2022,,127.519995,,A,,,,,,,
DATAFLOW,OECD:DF_DP_LIVE(1.0),OECD Data Archive,I,USA,United States,GDPHRWKD,GDP per hour worked,TOT,Total,IDX2015,2015=100,A,Annual,2022,,107.025198,,A,,,,,,,
DATAFLOW,OECD:DF_DP_LIVE(1.0),OECD Data Archive,I,SWE,Sweden,GDPHRWKD,GDP per hour worked,TOT,Total,IDX2015,2015=100,A,Annual,2000,,79.629707,,A,,,,,,,
DATAFLOW,OECD:DF_DP_LIVE(1.0),OECD Data Archive,I,FRA,France,GDPHRWKD,GDP per hour worked,TOT,Total,IDX2015,2015=100,A,Annual,2000,,87.525502,,A,,,,,,,
DATAFLOW,OECD:DF_DP_LIVE(1.0),OECD Data Archive,I,ESP,Spain,GDPHRWKD,GDP per hour worked,TOT,Total,IDX2015,2015=100,A,Annual,2000,,86.853672,,A,,,,,,,
DATAFLOW,OECD:DF_DP_LIVE(1.0),OECD Data Archive,I,EA19,Euro area (19 countries),GDPHRWKD,GDP per hour worked,TOT,Total,IDX2015,2015=100,A,Annual,2000,,87.600335,,A,,,,,,,
DATAFLOW,OECD:DF_DP_LIVE(1.0),OECD Data Archive,I,PRT,Portugal,GDPHRWKD,GDP per hour worked,TOT,Total,IDX2015,2015=100,A,Annual,2000,,86.104635,,A,,,,,,,
DATAFLOW,OECD:DF_DP_LIVE(1.0),OECD Data Archive,I,ITA,Italy,GDPHRWKD,GDP per hour worked,TOT,Total,IDX2015,2015=100,A,Annual,2000,,99.118059,,A,,,,,,,
DATAFLOW,OECD:DF_DP_LIVE(1.0),OECD Data Archive,I,EU27_2020,European Union – 27 countries (from 01/02/2020),GDPHRWKD,GDP per hour worked,TOT,Total,IDX2015,2015=100,A,Annual,2004,,90.050482,,A,,,,,,,
DATAFLOW,OECD:DF_DP_LIVE(1.0),OECD Data Archive,I,ROU,Romania,GDPHRWKD,GDP per hour worked,TOT,Total,IDX2015,2015=100,A,Annual,2004,,63.615686,,A,,,,,,,
DATAFLOW,OECD:DF_DP_LIVE(1.0),OECD Data Archive,I,NOR,Norway,GDPHRWKD,GDP per hour worked,TOT,Total,IDX2015,2015=100,A,Annual,2004,,101.074629,,A,,,,,,,
DATAFLOW,OECD:DF_DP_LIVE(1.0),OECD Data Archive,I,DEU,Germany,GDPHRWKD,GDP per hour worked,TOT,Total,IDX2015,2015=100,A,Annual,2004,,91.602335,,A,,,,,,,
DATAFLOW,OECD:DF_DP_LIVE(1.0),OECD Data Archive,I,ROU,Romania,GDPHRWKD,GDP per hour worked,TOT,Total,IDX2015,2015=100,A,Annual,2009,,84.345513,,A,,,,,,,
DATAFLOW,OECD:DF_DP_LIVE(1.0),OECD Data Archive,I,SWE,Sweden,GDPHRWKD,GDP per hour worked,TOT,Total,IDX2015,2015=100,A,Annual,2012,,95.358961,,A,,,,,,,
DATAFLOW,OECD:DF_DP_LIVE(1.0),OECD Data Archive,I,FRA,France,GDPHRWKD,GDP per hour worked,TOT,Total,IDX2015,2015=100,A,Annual,2012,,96.937089,,A,,,,,,,
DATAFLOW,OECD:DF_DP_LIVE(1.0),OECD Data Archive,I,ESP,Spain,GDPHRWKD,GDP per hour worked,TOT,Total,IDX2015,2015=100,A,Annual,2012,,97.467504,,A,,,,,,,
DATAFLOW,OECD:DF_DP_LIVE(1.0),OECD Data Archive,I,PRT,Portugal,GDPHRWKD,GDP per hour worked,TOT,Total,IDX2015,2015=100,A,Annual,2012,,99.606801,,A,,,,,,,
DATAFLOW,OECD:DF_DP_LIVE(1.0),OECD Data Archive,I,OECD,OECD - Total,GDPHRWKD,GDP per hour worked,TOT,Total,IDX2015,2015=100,A,Annual,2012,,97.116912,,A,,,,,,,
DATAFLOW,OECD:DF_DP_LIVE(1.0),OECD Data Archive,I,GBR,United Kingdom,GDPHRWKD,GDP per hour worked,TOT,Total,IDX2015,2015=100,A,Annual,2012,,97.73831,,A,,,,,,,
DATAFLOW,OECD:DF_DP_LIVE(1.0),OECD Data Archive,I,POL,Poland,GDPHRWKD,GDP per hour worked,TOT,Total,IDX2015,2015=100,A,Annual,2015,,100,,A,,,,,,,
DATAFLOW,OECD:DF_DP_LIVE(1.0),OECD Data Archive,I,NLD,Netherlands,GDPHRWKD,GDP per hour worked,TOT,Total,IDX2015,2015=100,A,Annual,2015,,100,,A,,,,,,,
DATAFLOW,OECD:DF_DP_LIVE(1.0),OECD Data Archive,I,EA19,Euro area (19 countries),GDPHRWKD,GDP per hour worked,TOT,Total,IDX2015,2015=100,A,Annual,2004,,91.199236,,A,,,,,,,
DATAFLOW,OECD:DF_DP_LIVE(1.0),OECD Data Archive,I,USA,United States,GDPHRWKD,GDP per hour worked,TOT,Total,IDX2015,2015=100,A,Annual,2004,,87.632516,,A,,,,,,,
DATAFLOW,OECD:DF_DP_LIVE(1.0),OECD Data Archive,I,ITA,Italy,GDPHRWKD,GDP per hour worked,TOT,Total,IDX2015,2015=100,A,Annual,2004,,99.123067,,A,,,,,,,
DATAFLOW,OECD:DF_DP_LIVE(1.0),OECD Data Archive,I,USA,United States,GDPHRWKD,GDP per hour worked,TOT,Total,IDX2015,2015=100,A,Annual,2002,,82.891625,,A,,,,,,,
DATAFLOW,OECD:DF_DP_LIVE(1.0),OECD Data Archive,I,ITA,Italy,GDPHRWKD,GDP per hour worked,TOT,Total,IDX2015,2015=100,A,Annual,2002,,99.00028,,A,,,,,,,
DATAFLOW,OECD:DF_DP_LIVE(1.0),OECD Data Archive,I,NLD,Netherlands,GDPHRWKD,GDP per hour worked,TOT,Total,IDX2015,2015=100,A,Annual,2002,,89.542943,,A,,,,,,,
DATAFLOW,OECD:DF_DP_LIVE(1.0),OECD Data Archive,I,SWE,Sweden,GDPHRWKD,GDP per hour worked,TOT,Total,IDX2015,2015=100,A,Annual,2002,,83.169216,,A,,,,,,,
DATAFLOW,OECD:DF_DP_LIVE(1.0),OECD Data Archive,I,FRA,France,GDPHRWKD,GDP per hour worked,TOT,Total,IDX2015,2015=100,A,Annual,2002,,91.766179,,A,,,,,,,
DATAFLOW,OECD:DF_DP_LIVE(1.0),OECD Data Archive,I,NLD,Netherlands,GDPHRWKD,GDP per hour worked,TOT,Total,IDX2015,2015=100,A,Annual,2003,,90.725272,,A,,,,,,,
DATAFLOW,OECD:DF_DP_LIVE(1.0),OECD Data Archive,I,EU27_2020,European Union – 27 countries (from 01/02/2020),GDPHRWKD,GDP per hour worked,TOT,Total,IDX2015,2015=100,A,Annual,2003,,88.616288,,A,,,,,,,
DATAFLOW,OECD:DF_DP_LIVE(1.0),OECD Data Archive,I,ROU,Romania,GDPHRWKD,GDP per hour worked,TOT,Total,IDX2015,2015=100,A,Annual,2003,,56.800115,,A,,,,,,,
DATAFLOW,OECD:DF_DP_LIVE(1.0),OECD Data Archive,I,ESP,Spain,GDPHRWKD,GDP per hour worked,TOT,Total,IDX2015,2015=100,A,Annual,2003,,87.38699,,A,,,,,,,
DATAFLOW,OECD:DF_DP_LIVE(1.0),OECD Data Archive,I,ESP,Spain,GDPHRWKD,GDP per hour worked,TOT,Total,IDX2015,2015=100,A,Annual,2001,,86.992814,,A,,,,,,,
DATAFLOW,OECD:DF_DP_LIVE(1.0),OECD Data Archive,I,USA,United States,GDPHRWKD,GDP per hour worked,TOT,Total,IDX2015,2015=100,A,Annual,2001,,80.660218,,A,,,,,,,
DATAFLOW,OECD:DF_DP_LIVE(1.0),OECD Data Archive,I,ITA,Italy,GDPHRWKD,GDP per hour worked,TOT,Total,IDX2015,2015=100,A,Annual,2001,,99.78275,,A,,,,,,,
DATAFLOW,OECD:DF_DP_LIVE(1.0),OECD Data Archive,I,OECD,OECD - Total,GDPHRWKD,GDP per hour worked,TOT,Total,IDX2015,2015=100,A,Annual,2001,,85.306238,,A,,,,,,,
DATAFLOW,OECD:DF_DP_LIVE(1.0),OECD Data Archive,I,POL,Poland,GDPHRWKD,GDP per hour worked,TOT,Total,IDX2015,2015=100,A,Annual,2001,,65.973201,,A,,,,,,,
DATAFLOW,OECD:DF_DP_LIVE(1.0),OECD Data Archive,I,GBR,United Kingdom,GDPHRWKD,GDP per hour worked,TOT,Total,IDX2015,2015=100,A,Annual,2001,,88.480893,,A,,,,,,,
DATAFLOW,OECD:DF_DP_LIVE(1.0),OECD Data Archive,I,NOR,Norway,GDPHRWKD,GDP per hour worked,TOT,Total,IDX2015,2015=100,A,Annual,2005,,102.190857,,A,,,,,,,
DATAFLOW,OECD:DF_DP_LIVE(1.0),OECD Data Archive,I,DEU,Germany,GDPHRWKD,GDP per hour worked,TOT,Total,IDX2015,2015=100,A,Annual,2005,,93.047959,,A,,,,,,,
DATAFLOW,OECD:DF_DP_LIVE(1.0),OECD Data Archive,I,PRT,Portugal,GDPHRWKD,GDP per hour worked,TOT,Total,IDX2015,2015=100,A,Annual,2005,,90.974681,,A,,,,,,,
DATAFLOW,OECD:DF_DP_LIVE(1.0),OECD Data Archive,I,NLD,Netherlands,GDPHRWKD,GDP per hour worked,TOT,Total,IDX2015,2015=100,A,Annual,2005,,94.493797,,A,,,,,,,
DATAFLOW,OECD:DF_DP_LIVE(1.0),OECD Data Archive,I,PRT,Portugal,GDPHRWKD,GDP per hour worked,TOT,Total,IDX2015,2015=100,A,Annual,2006,,92.665839,,A,,,,,,,
DATAFLOW,OECD:DF_DP_LIVE(1.0),OECD Data Archive,I,OECD,OECD - Total,GDPHRWKD,GDP per hour worked,TOT,Total,IDX2015,2015=100,A,Annual,2006,,92.479128,,A,,,,,,,
DATAFLOW,OECD:DF_DP_LIVE(1.0),OECD Data Archive,I,GBR,United Kingdom,GDPHRWKD,GDP per hour worked,TOT,Total,IDX2015,2015=100,A,Annual,2006,,96.809346,,A,,,,,,,
DATAFLOW,OECD:DF_DP_LIVE(1.0),OECD Data Archive,I,POL,Poland,GDPHRWKD,GDP per hour worked,TOT,Total,IDX2015,2015=100,A,Annual,2006,,78.754908,,A,,,,,,,
DATAFLOW,OECD:DF_DP_LIVE(1.0),OECD Data Archive,I,EU27_2020,European Union – 27 countries (from 01/02/2020),GDPHRWKD,GDP per hour worked,TOT,Total,IDX2015,2015=100,A,Annual,2006,,92.583422,,A,,,,,,,
DATAFLOW,OECD:DF_DP_LIVE(1.0),OECD Data Archive,I,ROU,Romania,GDPHRWKD,GDP per hour worked,TOT,Total,IDX2015,2015=100,A,Annual,2006,,72.599874,,A,,,,,,,
DATAFLOW,OECD:DF_DP_LIVE(1.0),OECD Data Archive,I,GBR,United Kingdom,GDPHRWKD,GDP per hour worked,TOT,Total,IDX2015,2015=100,A,Annual,2007,,98.234708,,A,,,,,,,
DATAFLOW,OECD:DF_DP_LIVE(1.0),OECD Data Archive,I,POL,Poland,GDPHRWKD,GDP per hour worked,TOT,Total,IDX2015,2015=100,A,Annual,2007,,80.804122,,A,,,,,,,
DATAFLOW,OECD:DF_DP_LIVE(1.0),OECD Data Archive,I,OECD,OECD - Total,GDPHRWKD,GDP per hour worked,TOT,Total,IDX2015,2015=100,A,Annual,2007,,93.823213,,A,,,,,,,
DATAFLOW,OECD:DF_DP_LIVE(1.0),OECD Data Archive,I,SWE,Sweden,GDPHRWKD,GDP per hour worked,TOT,Total,IDX2015,2015=100,A,Annual,2007,,94.809611,,A,,,,,,,
DATAFLOW,OECD:DF_DP_LIVE(1.0),OECD Data Archive,I,FRA,France,GDPHRWKD,GDP per hour worked,TOT,Total,IDX2015,2015=100,A,Annual,2007,,96.0296,,A,,,,,,,
DATAFLOW,OECD:DF_DP_LIVE(1.0),OECD Data Archive,I,NOR,Norway,GDPHRWKD,GDP per hour worked,TOT,Total,IDX2015,2015=100,A,Annual,2007,,99.692935,,A,,,,,,,
DATAFLOW,OECD:DF_DP_LIVE(1.0),OECD Data Archive,I,DEU,Germany,GDPHRWKD,GDP per hour worked,TOT,Total,IDX2015,2015=100,A,Annual,2007,,95.652946,,A,,,,,,,
DATAFLOW,OECD:DF_DP_LIVE(1.0),OECD Data Archive,I,SWE,Sweden,GDPHRWKD,GDP per hour worked,TOT,Total,IDX2015,2015=100,A,Annual,2008,,93.140242,,A,,,,,,,
DATAFLOW,OECD:DF_DP_LIVE(1.0),OECD Data Archive,I,FRA,France,GDPHRWKD,GDP per hour worked,TOT,Total,IDX2015,2015=100,A,Annual,2008,,95.416924,,A,,,,,,,
DATAFLOW,OECD:DF_DP_LIVE(1.0),OECD Data Archive,I,ESP,Spain,GDPHRWKD,GDP per hour worked,TOT,Total,IDX2015,2015=100,A,Annual,2008,,89.733039,,A,,,,,,,
DATAFLOW,OECD:DF_DP_LIVE(1.0),OECD Data Archive,I,PRT,Portugal,GDPHRWKD,GDP per hour worked,TOT,Total,IDX2015,2015=100,A,Annual,2008,,94.728333,,A,,,,,,,
DATAFLOW,OECD:DF_DP_LIVE(1.0),OECD Data Archive,I,NOR,Norway,GDPHRWKD,GDP per hour worked,TOT,Total,IDX2015,2015=100,A,Annual,2021,,103.995967,,A,,,,,,,
DATAFLOW,OECD:DF_DP_LIVE(1.0),OECD Data Archive,I,DEU,Germany,GDPHRWKD,GDP per hour worked,TOT,Total,IDX2015,2015=100,A,Annual,2021,,105.93029,,A,,,,,,,
DATAFLOW,OECD:DF_DP_LIVE(1.0),OECD Data Archive,I,POL,Poland,GDPHRWKD,GDP per hour worked,TOT,Total,IDX2015,2015=100,A,Annual,2021,,119.27761,,A,,,,,,,
DATAFLOW,OECD:DF_DP_LIVE(1.0),OECD Data Archive,I,NLD,Netherlands,GDPHRWKD,GDP per hour worked,TOT,Total,IDX2015,2015=100,A,Annual,2021,,102.30501,,A,,,,,,,
DATAFLOW,OECD:DF_DP_LIVE(1.0),OECD Data Archive,I,EU27_2020,European Union – 27 countries (from 01/02/2020),GDPHRWKD,GDP per hour worked,TOT,Total,IDX2015,2015=100,A,Annual,2010,,94.828897,,A,,,,,,,
DATAFLOW,OECD:DF_DP_LIVE(1.0),OECD Data Archive,I,EA19,Euro area (19 countries),GDPHRWKD,GDP per hour worked,TOT,Total,IDX2015,2015=100,A,Annual,2010,,95.276783,,A,,,,,,,
DATAFLOW,OECD:DF_DP_LIVE(1.0),OECD Data Archive,I,USA,United States,GDPHRWKD,GDP per hour worked,TOT,Total,IDX2015,2015=100,A,Annual,2010,,98.245288,,A,,,,,,,
DATAFLOW,OECD:DF_DP_LIVE(1.0),OECD Data Archive,I,ITA,Italy,GDPHRWKD,GDP per hour worked,TOT,Total,IDX2015,2015=100,A,Annual,2010,,98.938252,,A,,,,,,,
DATAFLOW,OECD:DF_DP_LIVE(1.0),OECD Data Archive,I,NLD,Netherlands,GDPHRWKD,GDP per hour worked,TOT,Total,IDX2015,2015=100,A,Annual,2010,,97.080729,,A,,,,,,,
DATAFLOW,OECD:DF_DP_LIVE(1.0),OECD Data Archive,I,SWE,Sweden,GDPHRWKD,GDP per hour worked,TOT,Total,IDX2015,2015=100,A,Annual,2010,,95.047112,,A,,,,,,,
DATAFLOW,OECD:DF_DP_LIVE(1.0),OECD Data Archive,I,FRA,France,GDPHRWKD,GDP per hour worked,TOT,Total,IDX2015,2015=100,A,Annual,2010,,95.663522,,A,,,,,,,
DATAFLOW,OECD:DF_DP_LIVE(1.0),OECD Data Archive,I,ESP,Spain,GDPHRWKD,GDP per hour worked,TOT,Total,IDX2015,2015=100,A,Annual,2009,,91.895675,,A,,,,,,,
DATAFLOW,OECD:DF_DP_LIVE(1.0),OECD Data Archive,I,EU27_2020,European Union – 27 countries (from 01/02/2020),GDPHRWKD,GDP per hour worked,TOT,Total,IDX2015,2015=100,A,Annual,2009,,92.155673,,A,,,,,,,
DATAFLOW,OECD:DF_DP_LIVE(1.0),OECD Data Archive,I,EA19,Euro area (19 countries),GDPHRWKD,GDP per hour worked,TOT,Total,IDX2015,2015=100,A,Annual,2009,,92.976958,,A,,,,,,,
DATAFLOW,OECD:DF_DP_LIVE(1.0),OECD Data Archive,I,USA,United States,GDPHRWKD,GDP per hour worked,TOT,Total,IDX2015,2015=100,A,Annual,2009,,95.715647,,A,,,,,,,
DATAFLOW,OECD:DF_DP_LIVE(1.0),OECD Data Archive,I,ITA,Italy,GDPHRWKD,GDP per hour worked,TOT,Total,IDX2015,2015=100,A,Annual,2009,,96.73892,,A,,,,,,,
DATAFLOW,OECD:DF_DP_LIVE(1.0),OECD Data Archive,I,OECD,OECD - Total,GDPHRWKD,GDP per hour worked,TOT,Total,IDX2015,2015=100,A,Annual,2009,,93.558428,,A,,,,,,,
DATAFLOW,OECD:DF_DP_LIVE(1.0),OECD Data Archive,I,GBR,United Kingdom,GDPHRWKD,GDP per hour worked,TOT,Total,IDX2015,2015=100,A,Annual,2009,,95.753497,,A,,,,,,,
DATAFLOW,OECD:DF_DP_LIVE(1.0),OECD Data Archive,I,POL,Poland,GDPHRWKD,GDP per hour worked,TOT,Total,IDX2015,2015=100,A,Annual,2009,,84.064151,,A,,,,,,,
DATAFLOW,OECD:DF_DP_LIVE(1.0),OECD Data Archive,I,POL,Poland,GDPHRWKD,GDP per hour worked,TOT,Total,IDX2015,2015=100,A,Annual,2011,,93.31956,,A,,,,,,,
DATAFLOW,OECD:DF_DP_LIVE(1.0),OECD Data Archive,I,NLD,Netherlands,GDPHRWKD,GDP per hour worked,TOT,Total,IDX2015,2015=100,A,Annual,2011,,97.702861,,A,,,,,,,
DATAFLOW,OECD:DF_DP_LIVE(1.0),OECD Data Archive,I,ROU,Romania,GDPHRWKD,GDP per hour worked,TOT,Total,IDX2015,2015=100,A,Annual,2011,,87.993836,,A,,,,,,,
DATAFLOW,OECD:DF_DP_LIVE(1.0),OECD Data Archive,I,ESP,Spain,GDPHRWKD,GDP per hour worked,TOT,Total,IDX2015,2015=100,A,Annual,2011,,95.622838,,A,,,,,,,
DATAFLOW,OECD:DF_DP_LIVE(1.0),OECD Data Archive,I,NOR,Norway,GDPHRWKD,GDP per hour worked,TOT,Total,IDX2015,2015=100,A,Annual,2012,,97.353585,,A,,,,,,,
DATAFLOW,OECD:DF_DP_LIVE(1.0),OECD Data Archive,I,DEU,Germany,GDPHRWKD,GDP per hour worked,TOT,Total,IDX2015,2015=100,A,Annual,2012,,98.007256,,A,,,,,,,
DATAFLOW,OECD:DF_DP_LIVE(1.0),OECD Data Archive,I,EU27_2020,European Union – 27 countries (from 01/02/2020),GDPHRWKD,GDP per hour worked,TOT,Total,IDX2015,2015=100,A,Annual,2012,,97.09895,,A,,,,,,,
DATAFLOW,OECD:DF_DP_LIVE(1.0),OECD Data Archive,I,EA19,Euro area (19 countries),GDPHRWKD,GDP per hour worked,TOT,Total,IDX2015,2015=100,A,Annual,2012,,97.290436,,A,,,,,,,
DATAFLOW,OECD:DF_DP_LIVE(1.0),OECD Data Archive,I,USA,United States,GDPHRWKD,GDP per hour worked,TOT,Total,IDX2015,2015=100,A,Annual,2012,,98.653951,,A,,,,,,,
DATAFLOW,OECD:DF_DP_LIVE(1.0),OECD Data Archive,I,ITA,Italy,GDPHRWKD,GDP per hour worked,TOT,Total,IDX2015,2015=100,A,Annual,2012,,99.073743,,A,,,,,,,
DATAFLOW,OECD:DF_DP_LIVE(1.0),OECD Data Archive,I,SWE,Sweden,GDPHRWKD,GDP per hour worked,TOT,Total,IDX2015,2015=100,A,Annual,2016,,99.384945,,A,,,,,,,
DATAFLOW,OECD:DF_DP_LIVE(1.0),OECD Data Archive,I,FRA,France,GDPHRWKD,GDP per hour worked,TOT,Total,IDX2015,2015=100,A,Annual,2016,,100.279427,,A,,,,,,,
DATAFLOW,OECD:DF_DP_LIVE(1.0),OECD Data Archive,I,ESP,Spain,GDPHRWKD,GDP per hour worked,TOT,Total,IDX2015,2015=100,A,Annual,2020,,101.486085,,A,,,,,,,
DATAFLOW,OECD:DF_DP_LIVE(1.0),OECD Data Archive,I,OECD,OECD - Total,GDPHRWKD,GDP per hour worked,TOT,Total,IDX2015,2015=100,A,Annual,2020,,108.024668,,A,,,,,,,
DATAFLOW,OECD:DF_DP_LIVE(1.0),OECD Data Archive,I,GBR,United Kingdom,GDPHRWKD,GDP per hour worked,TOT,Total,IDX2015,2015=100,A,Annual,2020,,103.987187,,A,,,,,,,
DATAFLOW,OECD:DF_DP_LIVE(1.0),OECD Data Archive,I,ROU,Romania,GDPHRWKD,GDP per hour worked,TOT,Total,IDX2015,2015=100,A,Annual,2016,,102.68697,,A,,,,,,,
DATAFLOW,OECD:DF_DP_LIVE(1.0),OECD Data Archive,I,NOR,Norway,GDPHRWKD,GDP per hour worked,TOT,Total,IDX2015,2015=100,A,Annual,2016,,100.669968,,A,,,,,,,
DATAFLOW,OECD:DF_DP_LIVE(1.0),OECD Data Archive,I,DEU,Germany,GDPHRWKD,GDP per hour worked,TOT,Total,IDX2015,2015=100,A,Annual,2016,,101.355337,,A,,,,,,,
DATAFLOW,OECD:DF_DP_LIVE(1.0),OECD Data Archive,I,EU27_2020,European Union – 27 countries (from 01/02/2020),GDPHRWKD,GDP per hour worked,TOT,Total,IDX2015,2015=100,A,Annual,2016,,100.402127,,A,,,,,,,
DATAFLOW,OECD:DF_DP_LIVE(1.0),OECD Data Archive,I,EA19,Euro area (19 countries),GDPHRWKD,GDP per hour worked,TOT,Total,IDX2015,2015=100,A,Annual,2016,,100.267705,,A,,,,,,,
DATAFLOW,OECD:DF_DP_LIVE(1.0),OECD Data Archive,I,USA,United States,GDPHRWKD,GDP per hour worked,TOT,Total,IDX2015,2015=100,A,Annual,2016,,100.302963,,A,,,,,,,
DATAFLOW,OECD:DF_DP_LIVE(1.0),OECD Data Archive,I,PRT,Portugal,GDPHRWKD,GDP per hour worked,TOT,Total,IDX2015,2015=100,A,Annual,2016,,100.06329,,A,,,,,,,
DATAFLOW,OECD:DF_DP_LIVE(1.0),OECD Data Archive,I,ITA,Italy,GDPHRWKD,GDP per hour worked,TOT,Total,IDX2015,2015=100,A,Annual,2016,,99.692606,,A,,,,,,,
DATAFLOW,OECD:DF_DP_LIVE(1.0),OECD Data Archive,I,POL,Poland,GDPHRWKD,GDP per hour worked,TOT,Total,IDX2015,2015=100,A,Annual,2016,,102.001142,,A,,,,,,,
DATAFLOW,OECD:DF_DP_LIVE(1.0),OECD Data Archive,I,NLD,Netherlands,GDPHRWKD,GDP per hour worked,TOT,Total,IDX2015,2015=100,A,Annual,2016,,99.844061,,A,,,,,,,
DATAFLOW,OECD:DF_DP_LIVE(1.0),OECD Data Archive,I,EU27_2020,European Union – 27 countries (from 01/02/2020),GDPHRWKD,GDP per hour worked,TOT,Total,IDX2015,2015=100,A,Annual,2014,,98.624733,,A,,,,,,,
DATAFLOW,OECD:DF_DP_LIVE(1.0),OECD Data Archive,I,EA19,Euro area (19 countries),GDPHRWKD,GDP per hour worked,TOT,Total,IDX2015,2015=100,A,Annual,2014,,98.920402,,A,,,,,,,
DATAFLOW,OECD:DF_DP_LIVE(1.0),OECD Data Archive,I,USA,United States,GDPHRWKD,GDP per hour worked,TOT,Total,IDX2015,2015=100,A,Annual,2014,,99.446088,,A,,,,,,,
DATAFLOW,OECD:DF_DP_LIVE(1.0),OECD Data Archive,I,ITA,Italy,GDPHRWKD,GDP per hour worked,TOT,Total,IDX2015,2015=100,A,Annual,2014,,99.940667,,A,,,,,,,
DATAFLOW,OECD:DF_DP_LIVE(1.0),OECD Data Archive,I,POL,Poland,GDPHRWKD,GDP per hour worked,TOT,Total,IDX2015,2015=100,A,Annual,2014,,97.622509,,A,,,,,,,
DATAFLOW,OECD:DF_DP_LIVE(1.0),OECD Data Archive,I,NLD,Netherlands,GDPHRWKD,GDP per hour worked,TOT,Total,IDX2015,2015=100,A,Annual,2014,,99.026646,,A,,,,,,,
DATAFLOW,OECD:DF_DP_LIVE(1.0),OECD Data Archive,I,SWE,Sweden,GDPHRWKD,GDP per hour worked,TOT,Total,IDX2015,2015=100,A,Annual,2014,,97.218063,,A,,,,,,,
DATAFLOW,OECD:DF_DP_LIVE(1.0),OECD Data Archive,I,FRA,France,GDPHRWKD,GDP per hour worked,TOT,Total,IDX2015,2015=100,A,Annual,2014,,99.195227,,A,,,,,,,
DATAFLOW,OECD:DF_DP_LIVE(1.0),OECD Data Archive,I,ESP,Spain,GDPHRWKD,GDP per hour worked,TOT,Total,IDX2015,2015=100,A,Annual,2014,,99.211993,,A,,,,,,,
DATAFLOW,OECD:DF_DP_LIVE(1.0),OECD Data Archive,I,GBR,United Kingdom,GDPHRWKD,GDP per hour worked,TOT,Total,IDX2015,2015=100,A,Annual,2014,,98.419046,,A,,,,,,,
DATAFLOW,OECD:DF_DP_LIVE(1.0),OECD Data Archive,I,ROU,Romania,GDPHRWKD,GDP per hour worked,TOT,Total,IDX2015,2015=100,A,Annual,2014,,95.347328,,A,,,,,,,
DATAFLOW,OECD:DF_DP_LIVE(1.0),OECD Data Archive,I,GBR,United Kingdom,GDPHRWKD,GDP per hour worked,TOT,Total,IDX2015,2015=100,A,Annual,2015,,100,,A,,,,,,,
DATAFLOW,OECD:DF_DP_LIVE(1.0),OECD Data Archive,I,OECD,OECD - Total,GDPHRWKD,GDP per hour worked,TOT,Total,IDX2015,2015=100,A,Annual,2015,,100,,A,,,,,,,
DATAFLOW,OECD:DF_DP_LIVE(1.0),OECD Data Archive,I,SWE,Sweden,GDPHRWKD,GDP per hour worked,TOT,Total,IDX2015,2015=100,A,Annual,2015,,100,,A,,,,,,,
DATAFLOW,OECD:DF_DP_LIVE(1.0),OECD Data Archive,I,FRA,France,GDPHRWKD,GDP per hour worked,TOT,Total,IDX2015,2015=100,A,Annual,2015,,100,,A,,,,,,,
DATAFLOW,OECD:DF_DP_LIVE(1.0),OECD Data Archive,I,NOR,Norway,GDPHRWKD,GDP per hour worked,TOT,Total,IDX2015,2015=100,A,Annual,2015,,100,,A,,,,,,,
DATAFLOW,OECD:DF_DP_LIVE(1.0),OECD Data Archive,I,DEU,Germany,GDPHRWKD,GDP per hour worked,TOT,Total,IDX2015,2015=100,A,Annual,2015,,100,,A,,,,,,,
DATAFLOW,OECD:DF_DP_LIVE(1.0),OECD Data Archive,I,NOR,Norway,GDPHRWKD,GDP per hour worked,TOT,Total,IDX2015,2015=100,A,Annual,2013,,97.954381,,A,,,,,,,
DATAFLOW,OECD:DF_DP_LIVE(1.0),OECD Data Archive,I,DEU,Germany,GDPHRWKD,GDP per hour worked,TOT,Total,IDX2015,2015=100,A,Annual,2013,,98.472527,,A,,,,,,,
DATAFLOW,OECD:DF_DP_LIVE(1.0),OECD Data Archive,I,PRT,Portugal,GDPHRWKD,GDP per hour worked,TOT,Total,IDX2015,2015=100,A,Annual,2013,,101.046899,,A,,,,,,,
DATAFLOW,OECD:DF_DP_LIVE(1.0),OECD Data Archive,I,POL,Poland,GDPHRWKD,GDP per hour worked,TOT,Total,IDX2015,2015=100,A,Annual,2013,,95.948364,,A,,,,,,,
DATAFLOW,OECD:DF_DP_LIVE(1.0),OECD Data Archive,I,NLD,Netherlands,GDPHRWKD,GDP per hour worked,TOT,Total,IDX2015,2015=100,A,Annual,2013,,98.298779,,A,,,,,,,
DATAFLOW,OECD:DF_DP_LIVE(1.0),OECD Data Archive,I,EU27_2020,European Union – 27 countries (from 01/02/2020),GDPHRWKD,GDP per hour worked,TOT,Total,IDX2015,2015=100,A,Annual,2018,,102.94206,,A,,,,,,,
DATAFLOW,OECD:DF_DP_LIVE(1.0),OECD Data Archive,I,EA19,Euro area (19 countries),GDPHRWKD,GDP per hour worked,TOT,Total,IDX2015,2015=100,A,Annual,2018,,101.884586,,A,,,,,,,
DATAFLOW,OECD:DF_DP_LIVE(1.0),OECD Data Archive,I,PRT,Portugal,GDPHRWKD,GDP per hour worked,TOT,Total,IDX2015,2015=100,A,Annual,2018,,100.783374,,A,,,,,,,
DATAFLOW,OECD:DF_DP_LIVE(1.0),OECD Data Archive,I,ITA,Italy,GDPHRWKD,GDP per hour worked,TOT,Total,IDX2015,2015=100,A,Annual,2018,,100.323292,,A,,,,,,,
DATAFLOW,OECD:DF_DP_LIVE(1.0),OECD Data Archive,I,POL,Poland,GDPHRWKD,GDP per hour worked,TOT,Total,IDX2015,2015=100,A,Annual,2018,,114.261674,,A,,,,,,,
DATAFLOW,OECD:DF_DP_LIVE(1.0),OECD Data Archive,I,NLD,Netherlands,GDPHRWKD,GDP per hour worked,TOT,Total,IDX2015,2015=100,A,Annual,2018,,100.064801,,A,,,,,,,
DATAFLOW,OECD:DF_DP_LIVE(1.0),OECD Data Archive,I,SWE,Sweden,GDPHRWKD,GDP per hour worked,TOT,Total,IDX2015,2015=100,A,Annual,2018,,100.637005,,A,,,,,,,
DATAFLOW,OECD:DF_DP_LIVE(1.0),OECD Data Archive,I,FRA,France,GDPHRWKD,GDP per hour worked,TOT,Total,IDX2015,2015=100,A,Annual,2018,,102.814627,,A,,,,,,,
DATAFLOW,OECD:DF_DP_LIVE(1.0),OECD Data Archive,I,ROU,Romania,GDPHRWKD,GDP per hour worked,TOT,Total,IDX2015,2015=100,A,Annual,2020,,120.772391,,A,,,,,,,
DATAFLOW,OECD:DF_DP_LIVE(1.0),OECD Data Archive,I,USA,United States,GDPHRWKD,GDP per hour worked,TOT,Total,IDX2015,2015=100,A,Annual,2020,,107.111176,,A,,,,,,,
DATAFLOW,OECD:DF_DP_LIVE(1.0),OECD Data Archive,I,NOR,Norway,GDPHRWKD,GDP per hour worked,TOT,Total,IDX2015,2015=100,A,Annual,2020,,102.484362,,A,,,,,,,
DATAFLOW,OECD:DF_DP_LIVE(1.0),OECD Data Archive,I,DEU,Germany,GDPHRWKD,GDP per hour worked,TOT,Total,IDX2015,2015=100,A,Annual,2020,,105.31975,,A,,,,,,,
DATAFLOW,OECD:DF_DP_LIVE(1.0),OECD Data Archive,I,EU27_2020,European Union – 27 countries (from 01/02/2020),GDPHRWKD,GDP per hour worked,TOT,Total,IDX2015,2015=100,A,Annual,2020,,105.355454,,A,,,,,,,
DATAFLOW,OECD:DF_DP_LIVE(1.0),OECD Data Archive,I,EA19,Euro area (19 countries),GDPHRWKD,GDP per hour worked,TOT,Total,IDX2015,2015=100,A,Annual,2020,,104.828581,,A,,,,,,,
DATAFLOW,OECD:DF_DP_LIVE(1.0),OECD Data Archive,I,PRT,Portugal,GDPHRWKD,GDP per hour worked,TOT,Total,IDX2015,2015=100,A,Annual,2020,,103.385669,,A,,,,,,,
DATAFLOW,OECD:DF_DP_LIVE(1.0),OECD Data Archive,I,ITA,Italy,GDPHRWKD,GDP per hour worked,TOT,Total,IDX2015,2015=100,A,Annual,2020,,103.942159,,A,,,,,,,
DATAFLOW,OECD:DF_DP_LIVE(1.0),OECD Data Archive,I,ESP,Spain,GDPHRWKD,GDP per hour worked,TOT,Total,IDX2015,2015=100,A,Annual,2017,,101.334899,,A,,,,,,,
DATAFLOW,OECD:DF_DP_LIVE(1.0),OECD Data Archive,I,EU27_2020,European Union – 27 countries (from 01/02/2020),GDPHRWKD,GDP per hour worked,TOT,Total,IDX2015,2015=100,A,Annual,2017,,102.175775,,A,,,,,,,
DATAFLOW,OECD:DF_DP_LIVE(1.0),OECD Data Archive,I,EA19,Euro area (19 countries),GDPHRWKD,GDP per hour worked,TOT,Total,IDX2015,2015=100,A,Annual,2017,,101.787139,,A,,,,,,,
DATAFLOW,OECD:DF_DP_LIVE(1.0),OECD Data Archive,I,PRT,Portugal,GDPHRWKD,GDP per hour worked,TOT,Total,IDX2015,2015=100,A,Annual,2017,,100.877896,,A,,,,,,,
DATAFLOW,OECD:DF_DP_LIVE(1.0),OECD Data Archive,I,ITA,Italy,GDPHRWKD,GDP per hour worked,TOT,Total,IDX2015,2015=100,A,Annual,2017,,100.335718,,A,,,,,,,
DATAFLOW,OECD:DF_DP_LIVE(1.0),OECD Data Archive,I,OECD,OECD - Total,GDPHRWKD,GDP per hour worked,TOT,Total,IDX2015,2015=100,A,Annual,2017,,101.992036,,A,,,,,,,
DATAFLOW,OECD:DF_DP_LIVE(1.0),OECD Data Archive,I,GBR,United Kingdom,GDPHRWKD,GDP per hour worked,TOT,Total,IDX2015,2015=100,A,Annual,2017,,101.395966,,A,,,,,,,
DATAFLOW,OECD:DF_DP_LIVE(1.0),OECD Data Archive,I,POL,Poland,GDPHRWKD,GDP per hour worked,TOT,Total,IDX2015,2015=100,A,Annual,2019,,119.703575,,A,,,,,,,
DATAFLOW,OECD:DF_DP_LIVE(1.0),OECD Data Archive,I,NLD,Netherlands,GDPHRWKD,GDP per hour worked,TOT,Total,IDX2015,2015=100,A,Annual,2019,,99.395132,,A,,,,,,,
DATAFLOW,OECD:DF_DP_LIVE(1.0),OECD Data Archive,I,ROU,Romania,GDPHRWKD,GDP per hour worked,TOT,Total,IDX2015,2015=100,A,Annual,2019,,119.622166,,A,,,,,,,
DATAFLOW,OECD:DF_DP_LIVE(1.0),OECD Data Archive,I,USA,United States,GDPHRWKD,GDP per hour worked,TOT,Total,IDX2015,2015=100,A,Annual,2019,,103.581713,,A,,,,,,,
DATAFLOW,OECD:DF_DP_LIVE(1.0),OECD Data Archive,I,ESP,Spain,GDPHRWKD,GDP per hour worked,TOT,Total,IDX2015,2015=100,A,Annual,2019,,101.664137,,A,,,,,,,
DATAFLOW,OECD:DF_DP_LIVE(1.0),OECD Data Archive,I,POL,Poland,GDPHRWKD,GDP per hour worked,TOT,Total,IDX2015,2015=100,A,Annual,2010,,89.116174,,B,,,,,,,
DATAFLOW,OECD:DF_DP_LIVE(1.0),OECD Data Archive,I,ROU,Romania,GDPHRWKD,GDP per hour worked,TOT,Total,IDX2015,2015=100,A,Annual,2012,,90.257147,,B,,,,,,,
DATAFLOW,OECD:DF_DP_LIVE(1.0),OECD Data Archive,I,OECD,OECD - Total,GDPHRWKD,GDP per hour worked,TOT,Total,IDX2015,2015=100,A,Annual,2003,,88.367074,,A,,,,,,,
DATAFLOW,OECD:DF_DP_LIVE(1.0),OECD Data Archive,I,GBR,United Kingdom,GDPHRWKD,GDP per hour worked,TOT,Total,IDX2015,2015=100,A,Annual,2003,,92.905382,,A,,,,,,,
DATAFLOW,OECD:DF_DP_LIVE(1.0),OECD Data Archive,I,POL,Poland,GDPHRWKD,GDP per hour worked,TOT,Total,IDX2015,2015=100,A,Annual,2003,,72.669024,,A,,,,,,,
DATAFLOW,OECD:DF_DP_LIVE(1.0),OECD Data Archive,I,SWE,Sweden,GDPHRWKD,GDP per hour worked,TOT,Total,IDX2015,2015=100,A,Annual,2003,,86.31414,,A,,,,,,,
DATAFLOW,OECD:DF_DP_LIVE(1.0),OECD Data Archive,I,FRA,France,GDPHRWKD,GDP per hour worked,TOT,Total,IDX2015,2015=100,A,Annual,2003,,92.289942,,A,,,,,,,
DATAFLOW,OECD:DF_DP_LIVE(1.0),OECD Data Archive,I,NOR,Norway,GDPHRWKD,GDP per hour worked,TOT,Total,IDX2015,2015=100,A,Annual,2003,,99.025267,,A,,,,,,,
DATAFLOW,OECD:DF_DP_LIVE(1.0),OECD Data Archive,I,DEU,Germany,GDPHRWKD,GDP per hour worked,TOT,Total,IDX2015,2015=100,A,Annual,2003,,90.775624,,A,,,,,,,
DATAFLOW,OECD:DF_DP_LIVE(1.0),OECD Data Archive,I,PRT,Portugal,GDPHRWKD,GDP per hour worked,TOT,Total,IDX2015,2015=100,A,Annual,2003,,88.03249,,A,,,,,,,
DATAFLOW,OECD:DF_DP_LIVE(1.0),OECD Data Archive,I,NOR,Norway,GDPHRWKD,GDP per hour worked,TOT,Total,IDX2015,2015=100,A,Annual,2001,,93.890821,,A,,,,,,,
DATAFLOW,OECD:DF_DP_LIVE(1.0),OECD Data Archive,I,DEU,Germany,GDPHRWKD,GDP per hour worked,TOT,Total,IDX2015,2015=100,A,Annual,2001,,89.255258,,A,,,,,,,
DATAFLOW,OECD:DF_DP_LIVE(1.0),OECD Data Archive,I,PRT,Portugal,GDPHRWKD,GDP per hour worked,TOT,Total,IDX2015,2015=100,A,Annual,2001,,87.022077,,A,,,,,,,
DATAFLOW,OECD:DF_DP_LIVE(1.0),OECD Data Archive,I,EA19,Euro area (19 countries),GDPHRWKD,GDP per hour worked,TOT,Total,IDX2015,2015=100,A,Annual,2001,,88.919177,,A,,,,,,,
DATAFLOW,OECD:DF_DP_LIVE(1.0),OECD Data Archive,I,NLD,Netherlands,GDPHRWKD,GDP per hour worked,TOT,Total,IDX2015,2015=100,A,Annual,2001,,88.894109,,A,,,,,,,
DATAFLOW,OECD:DF_DP_LIVE(1.0),OECD Data Archive,I,EU27_2020,European Union – 27 countries (from 01/02/2020),GDPHRWKD,GDP per hour worked,TOT,Total,IDX2015,2015=100,A,Annual,2001,,86.108362,,A,,,,,,,
DATAFLOW,OECD:DF_DP_LIVE(1.0),OECD Data Archive,I,ROU,Romania,GDPHRWKD,GDP per hour worked,TOT,Total,IDX2015,2015=100,A,Annual,2001,,46.754017,,A,,,,,,,
DATAFLOW,OECD:DF_DP_LIVE(1.0),OECD Data Archive,I,EU27_2020,European Union – 27 countries (from 01/02/2020),GDPHRWKD,GDP per hour worked,TOT,Total,IDX2015,2015=100,A,Annual,2022,,106.435971,,A,,,,,,,
DATAFLOW,OECD:DF_DP_LIVE(1.0),OECD Data Archive,I,EA19,Euro area (19 countries),GDPHRWKD,GDP per hour worked,TOT,Total,IDX2015,2015=100,A,Annual,2022,,104.683309,,A,,,,,,,
DATAFLOW,OECD:DF_DP_LIVE(1.0),OECD Data Archive,I,PRT,Portugal,GDPHRWKD,GDP per hour worked,TOT,Total,IDX2015,2015=100,A,Annual,2022,,111.15899,,A,,,,,,,
DATAFLOW,OECD:DF_DP_LIVE(1.0),OECD Data Archive,I,ITA,Italy,GDPHRWKD,GDP per hour worked,TOT,Total,IDX2015,2015=100,A,Annual,2022,,101.854776,,A,,,,,,,
DATAFLOW,OECD:DF_DP_LIVE(1.0),OECD Data Archive,I,POL,Poland,GDPHRWKD,GDP per hour worked,TOT,Total,IDX2015,2015=100,A,Annual,2022,,125.952025,,A,,,,,,,
DATAFLOW,OECD:DF_DP_LIVE(1.0),OECD Data Archive,I,NLD,Netherlands,GDPHRWKD,GDP per hour worked,TOT,Total,IDX2015,2015=100,A,Annual,2022,,102.692374,,A,,,,,,,
DATAFLOW,OECD:DF_DP_LIVE(1.0),OECD Data Archive,I,SWE,Sweden,GDPHRWKD,GDP per hour worked,TOT,Total,IDX2015,2015=100,A,Annual,2022,,108.292036,,A,,,,,,,
DATAFLOW,OECD:DF_DP_LIVE(1.0),OECD Data Archive,I,FRA,France,GDPHRWKD,GDP per hour worked,TOT,Total,IDX2015,2015=100,A,Annual,2022,,99.761299,,A,,,,,,,
DATAFLOW,OECD:DF_DP_LIVE(1.0),OECD Data Archive,I,ESP,Spain,GDPHRWKD,GDP per hour worked,TOT,Total,IDX2015,2015=100,A,Annual,2022,,102.538091,,A,,,,,,,
DATAFLOW,OECD:DF_DP_LIVE(1.0),OECD Data Archive,I,EA19,Euro area (19 countries),GDPHRWKD,GDP per hour worked,TOT,Total,IDX2015,2015=100,A,Annual,2002,,89.669796,,A,,,,,,,
DATAFLOW,OECD:DF_DP_LIVE(1.0),OECD Data Archive,I,PRT,Portugal,GDPHRWKD,GDP per hour worked,TOT,Total,IDX2015,2015=100,A,Annual,2002,,87.674989,,A,,,,,,,
DATAFLOW,OECD:DF_DP_LIVE(1.0),OECD Data Archive,I,OECD,OECD - Total,GDPHRWKD,GDP per hour worked,TOT,Total,IDX2015,2015=100,A,Annual,2002,,86.535672,,A,,,,,,,
DATAFLOW,OECD:DF_DP_LIVE(1.0),OECD Data Archive,I,GBR,United Kingdom,GDPHRWKD,GDP per hour worked,TOT,Total,IDX2015,2015=100,A,Annual,2002,,90.430863,,A,,,,,,,
DATAFLOW,OECD:DF_DP_LIVE(1.0),OECD Data Archive,I,POL,Poland,GDPHRWKD,GDP per hour worked,TOT,Total,IDX2015,2015=100,A,Annual,2002,,69.585842,,A,,,,,,,
DATAFLOW,OECD:DF_DP_LIVE(1.0),OECD Data Archive,I,EU27_2020,European Union – 27 countries (from 01/02/2020),GDPHRWKD,GDP per hour worked,TOT,Total,IDX2015,2015=100,A,Annual,2002,,87.790347,,A,,,,,,,
DATAFLOW,OECD:DF_DP_LIVE(1.0),OECD Data Archive,I,ROU,Romania,GDPHRWKD,GDP per hour worked,TOT,Total,IDX2015,2015=100,A,Annual,2002,,54.579905,,A,,,,,,,
DATAFLOW,OECD:DF_DP_LIVE(1.0),OECD Data Archive,I,NOR,Norway,GDPHRWKD,GDP per hour worked,TOT,Total,IDX2015,2015=100,A,Annual,2002,,95.91104,,A,,,,,,,
DATAFLOW,OECD:DF_DP_LIVE(1.0),OECD Data Archive,I,DEU,Germany,GDPHRWKD,GDP per hour worked,TOT,Total,IDX2015,2015=100,A,Annual,2002,,90.082726,,A,,,,,,,
DATAFLOW,OECD:DF_DP_LIVE(1.0),OECD Data Archive,I,EU27_2020,European Union – 27 countries (from 01/02/2020),GDPHRWKD,GDP per hour worked,TOT,Total,IDX2015,2015=100,A,Annual,2000,,84.367409,,A,,,,,,,
DATAFLOW,OECD:DF_DP_LIVE(1.0),OECD Data Archive,I,ROU,Romania,GDPHRWKD,GDP per hour worked,TOT,Total,IDX2015,2015=100,A,Annual,2000,,43.951489,,A,,,,,,,
DATAFLOW,OECD:DF_DP_LIVE(1.0),OECD Data Archive,I,NOR,Norway,GDPHRWKD,GDP per hour worked,TOT,Total,IDX2015,2015=100,A,Annual,2000,,90.534798,,A,,,,,,,
DATAFLOW,OECD:DF_DP_LIVE(1.0),OECD Data Archive,I,DEU,Germany,GDPHRWKD,GDP per hour worked,TOT,Total,IDX2015,2015=100,A,Annual,2000,,87.068634,,A,,,,,,,
DATAFLOW,OECD:DF_DP_LIVE(1.0),OECD Data Archive,I,USA,United States,GDPHRWKD,GDP per hour worked,TOT,Total,IDX2015,2015=100,A,Annual,2000,,78.928548,,A,,,,,,,
DATAFLOW,OECD:DF_DP_LIVE(1.0),OECD Data Archive,I,NLD,Netherlands,GDPHRWKD,GDP per hour worked,TOT,Total,IDX2015,2015=100,A,Annual,2000,,88.005142,,A,,,,,,,
DATAFLOW,OECD:DF_DP_LIVE(1.0),OECD Data Archive,I,NLD,Netherlands,GDPHRWKD,GDP per hour worked,TOT,Total,IDX2015,2015=100,A,Annual,2007,,96.756054,,A,,,,,,,
DATAFLOW,OECD:DF_DP_LIVE(1.0),OECD Data Archive,I,ROU,Romania,GDPHRWKD,GDP per hour worked,TOT,Total,IDX2015,2015=100,A,Annual,2007,,76.581868,,A,,,,,,,
DATAFLOW,OECD:DF_DP_LIVE(1.0),OECD Data Archive,I,ESP,Spain,GDPHRWKD,GDP per hour worked,TOT,Total,IDX2015,2015=100,A,Annual,2007,,89.502613,,A,,,,,,,
DATAFLOW,OECD:DF_DP_LIVE(1.0),OECD Data Archive,I,EU27_2020,European Union – 27 countries (from 01/02/2020),GDPHRWKD,GDP per hour worked,TOT,Total,IDX2015,2015=100,A,Annual,2007,,93.462986,,A,,,,,,,
DATAFLOW,OECD:DF_DP_LIVE(1.0),OECD Data Archive,I,EA19,Euro area (19 countries),GDPHRWKD,GDP per hour worked,TOT,Total,IDX2015,2015=100,A,Annual,2007,,94.186698,,A,,,,,,,
DATAFLOW,OECD:DF_DP_LIVE(1.0),OECD Data Archive,I,USA,United States,GDPHRWKD,GDP per hour worked,TOT,Total,IDX2015,2015=100,A,Annual,2007,,91.57842,,A,,,,,,,
DATAFLOW,OECD:DF_DP_LIVE(1.0),OECD Data Archive,I,ITA,Italy,GDPHRWKD,GDP per hour worked,TOT,Total,IDX2015,2015=100,A,Annual,2007,,99.271227,,A,,,,,,,
DATAFLOW,OECD:DF_DP_LIVE(1.0),OECD Data Archive,I,EA19,Euro area (19 countries),GDPHRWKD,GDP per hour worked,TOT,Total,IDX2015,2015=100,A,Annual,2006,,93.330601,,A,,,,,,,
DATAFLOW,OECD:DF_DP_LIVE(1.0),OECD Data Archive,I,USA,United States,GDPHRWKD,GDP per hour worked,TOT,Total,IDX2015,2015=100,A,Annual,2006,,90.31024,,A,,,,,,,
DATAFLOW,OECD:DF_DP_LIVE(1.0),OECD Data Archive,I,ITA,Italy,GDPHRWKD,GDP per hour worked,TOT,Total,IDX2015,2015=100,A,Annual,2006,,99.346739,,A,,,,,,,
DATAFLOW,OECD:DF_DP_LIVE(1.0),OECD Data Archive,I,NLD,Netherlands,GDPHRWKD,GDP per hour worked,TOT,Total,IDX2015,2015=100,A,Annual,2006,,95.899245,,A,,,,,,,
DATAFLOW,OECD:DF_DP_LIVE(1.0),OECD Data Archive,I,SWE,Sweden,GDPHRWKD,GDP per hour worked,TOT,Total,IDX2015,2015=100,A,Annual,2006,,94.537496,,A,,,,,,,
DATAFLOW,OECD:DF_DP_LIVE(1.0),OECD Data Archive,I,FRA,France,GDPHRWKD,GDP per hour worked,TOT,Total,IDX2015,2015=100,A,Annual,2006,,96.481781,,A,,,,,,,
DATAFLOW,OECD:DF_DP_LIVE(1.0),OECD Data Archive,I,ESP,Spain,GDPHRWKD,GDP per hour worked,TOT,Total,IDX2015,2015=100,A,Annual,2006,,88.524184,,A,,,,,,,
DATAFLOW,OECD:DF_DP_LIVE(1.0),OECD Data Archive,I,ESP,Spain,GDPHRWKD,GDP per hour worked,TOT,Total,IDX2015,2015=100,A,Annual,2005,,88.009535,,A,,,,,,,
DATAFLOW,OECD:DF_DP_LIVE(1.0),OECD Data Archive,I,EA19,Euro area (19 countries),GDPHRWKD,GDP per hour worked,TOT,Total,IDX2015,2015=100,A,Annual,2005,,92.017765,,A,,,,,,,
DATAFLOW,OECD:DF_DP_LIVE(1.0),OECD Data Archive,I,USA,United States,GDPHRWKD,GDP per hour worked,TOT,Total,IDX2015,2015=100,A,Annual,2005,,89.463196,,A,,,,,,,
DATAFLOW,OECD:DF_DP_LIVE(1.0),OECD Data Archive,I,ITA,Italy,GDPHRWKD,GDP per hour worked,TOT,Total,IDX2015,2015=100,A,Annual,2005,,99.565938,,A,,,,,,,
DATAFLOW,OECD:DF_DP_LIVE(1.0),OECD Data Archive,I,OECD,OECD - Total,GDPHRWKD,GDP per hour worked,TOT,Total,IDX2015,2015=100,A,Annual,2005,,91.142136,,A,,,,,,,
DATAFLOW,OECD:DF_DP_LIVE(1.0),OECD Data Archive,I,POL,Poland,GDPHRWKD,GDP per hour worked,TOT,Total,IDX2015,2015=100,A,Annual,2005,,76.620798,,A,,,,,,,
DATAFLOW,OECD:DF_DP_LIVE(1.0),OECD Data Archive,I,GBR,United Kingdom,GDPHRWKD,GDP per hour worked,TOT,Total,IDX2015,2015=100,A,Annual,2005,,95.021657,,A,,,,,,,
DATAFLOW,OECD:DF_DP_LIVE(1.0),OECD Data Archive,I,SWE,Sweden,GDPHRWKD,GDP per hour worked,TOT,Total,IDX2015,2015=100,A,Annual,2005,,91.891042,,A,,,,,,,
DATAFLOW,OECD:DF_DP_LIVE(1.0),OECD Data Archive,I,FRA,France,GDPHRWKD,GDP per hour worked,TOT,Total,IDX2015,2015=100,A,Annual,2005,,94.138072,,A,,,,,,,
DATAFLOW,OECD:DF_DP_LIVE(1.0),OECD Data Archive,I,ROU,Romania,GDPHRWKD,GDP per hour worked,TOT,Total,IDX2015,2015=100,A,Annual,2008,,85.083007,,A,,,,,,,
DATAFLOW,OECD:DF_DP_LIVE(1.0),OECD Data Archive,I,NOR,Norway,GDPHRWKD,GDP per hour worked,TOT,Total,IDX2015,2015=100,A,Annual,2008,,96.742409,,A,,,,,,,
DATAFLOW,OECD:DF_DP_LIVE(1.0),OECD Data Archive,I,DEU,Germany,GDPHRWKD,GDP per hour worked,TOT,Total,IDX2015,2015=100,A,Annual,2008,,95.677826,,A,,,,,,,
DATAFLOW,OECD:DF_DP_LIVE(1.0),OECD Data Archive,I,EU27_2020,European Union – 27 countries (from 01/02/2020),GDPHRWKD,GDP per hour worked,TOT,Total,IDX2015,2015=100,A,Annual,2008,,93.230589,,A,,,,,,,
DATAFLOW,OECD:DF_DP_LIVE(1.0),OECD Data Archive,I,EA19,Euro area (19 countries),GDPHRWKD,GDP per hour worked,TOT,Total,IDX2015,2015=100,A,Annual,2008,,93.994325,,A,,,,,,,
DATAFLOW,OECD:DF_DP_LIVE(1.0),OECD Data Archive,I,USA,United States,GDPHRWKD,GDP per hour worked,TOT,Total,IDX2015,2015=100,A,Annual,2008,,92.751305,,A,,,,,,,
DATAFLOW,OECD:DF_DP_LIVE(1.0),OECD Data Archive,I,ITA,Italy,GDPHRWKD,GDP per hour worked,TOT,Total,IDX2015,2015=100,A,Annual,2008,,98.70518,,A,,,,,,,
DATAFLOW,OECD:DF_DP_LIVE(1.0),OECD Data Archive,I,NLD,Netherlands,GDPHRWKD,GDP per hour worked,TOT,Total,IDX2015,2015=100,A,Annual,2008,,97.311535,,A,,,,,,,
DATAFLOW,OECD:DF_DP_LIVE(1.0),OECD Data Archive,I,SWE,Sweden,GDPHRWKD,GDP per hour worked,TOT,Total,IDX2015,2015=100,A,Annual,2004,,89.352479,,A,,,,,,,
DATAFLOW,OECD:DF_DP_LIVE(1.0),OECD Data Archive,I,FRA,France,GDPHRWKD,GDP per hour worked,TOT,Total,IDX2015,2015=100,A,Annual,2004,,93.309866,,A,,,,,,,
DATAFLOW,OECD:DF_DP_LIVE(1.0),OECD Data Archive,I,ESP,Spain,GDPHRWKD,GDP per hour worked,TOT,Total,IDX2015,2015=100,A,Annual,2004,,87.667071,,A,,,,,,,
DATAFLOW,OECD:DF_DP_LIVE(1.0),OECD Data Archive,I,PRT,Portugal,GDPHRWKD,GDP per hour worked,TOT,Total,IDX2015,2015=100,A,Annual,2004,,89.952471,,A,,,,,,,
DATAFLOW,OECD:DF_DP_LIVE(1.0),OECD Data Archive,I,OECD,OECD - Total,GDPHRWKD,GDP per hour worked,TOT,Total,IDX2015,2015=100,A,Annual,2004,,90.36147,,A,,,,,,,
DATAFLOW,OECD:DF_DP_LIVE(1.0),OECD Data Archive,I,POL,Poland,GDPHRWKD,GDP per hour worked,TOT,Total,IDX2015,2015=100,A,Annual,2004,,75.422037,,A,,,,,,,
DATAFLOW,OECD:DF_DP_LIVE(1.0),OECD Data Archive,I,GBR,United Kingdom,GDPHRWKD,GDP per hour worked,TOT,Total,IDX2015,2015=100,A,Annual,2004,,94.147513,,A,,,,,,,
DATAFLOW,OECD:DF_DP_LIVE(1.0),OECD Data Archive,I,PRT,Portugal,GDPHRWKD,GDP per hour worked,TOT,Total,IDX2015,2015=100,A,Annual,2010,,97.19907,,A,,,,,,,
DATAFLOW,OECD:DF_DP_LIVE(1.0),OECD Data Archive,I,OECD,OECD - Total,GDPHRWKD,GDP per hour worked,TOT,Total,IDX2015,2015=100,A,Annual,2010,,95.732213,,A,,,,,,,
DATAFLOW,OECD:DF_DP_LIVE(1.0),OECD Data Archive,I,GBR,United Kingdom,GDPHRWKD,GDP per hour worked,TOT,Total,IDX2015,2015=100,A,Annual,2010,,98.242208,,A,,,,,,,
DATAFLOW,OECD:DF_DP_LIVE(1.0),OECD Data Archive,I,ROU,Romania,GDPHRWKD,GDP per hour worked,TOT,Total,IDX2015,2015=100,A,Annual,2010,,82.622087,,A,,,,,,,
DATAFLOW,OECD:DF_DP_LIVE(1.0),OECD Data Archive,I,NOR,Norway,GDPHRWKD,GDP per hour worked,TOT,Total,IDX2015,2015=100,A,Annual,2010,,97.157823,,A,,,,,,,
DATAFLOW,OECD:DF_DP_LIVE(1.0),OECD Data Archive,I,DEU,Germany,GDPHRWKD,GDP per hour worked,TOT,Total,IDX2015,2015=100,A,Annual,2010,,94.936987,,A,,,,,,,
DATAFLOW,OECD:DF_DP_LIVE(1.0),OECD Data Archive,I,ESP,Spain,GDPHRWKD,GDP per hour worked,TOT,Total,IDX2015,2015=100,A,Annual,2021,,100.71623,,A,,,,,,,
DATAFLOW,OECD:DF_DP_LIVE(1.0),OECD Data Archive,I,EU27_2020,European Union – 27 countries (from 01/02/2020),GDPHRWKD,GDP per hour worked,TOT,Total,IDX2015,2015=100,A,Annual,2021,,105.787996,,A,,,,,,,
DATAFLOW,OECD:DF_DP_LIVE(1.0),OECD Data Archive,I,EA19,Euro area (19 countries),GDPHRWKD,GDP per hour worked,TOT,Total,IDX2015,2015=100,A,Annual,2021,,104.752417,,A,,,,,,,
DATAFLOW,OECD:DF_DP_LIVE(1.0),OECD Data Archive,I,PRT,Portugal,GDPHRWKD,GDP per hour worked,TOT,Total,IDX2015,2015=100,A,Annual,2021,,104.766341,,A,,,,,,,
DATAFLOW,OECD:DF_DP_LIVE(1.0),OECD Data Archive,I,ITA,Italy,GDPHRWKD,GDP per hour worked,TOT,Total,IDX2015,2015=100,A,Annual,2021,,102.146042,,A,,,,,,,
DATAFLOW,OECD:DF_DP_LIVE(1.0),OECD Data Archive,I,OECD,OECD - Total,GDPHRWKD,GDP per hour worked,TOT,Total,IDX2015,2015=100,A,Annual,2021,,107.396132,,A,,,,,,,
DATAFLOW,OECD:DF_DP_LIVE(1.0),OECD Data Archive,I,GBR,United Kingdom,GDPHRWKD,GDP per hour worked,TOT,Total,IDX2015,2015=100,A,Annual,2021,,103.244366,,A,,,,,,,
DATAFLOW,OECD:DF_DP_LIVE(1.0),OECD Data Archive,I,SWE,Sweden,GDPHRWKD,GDP per hour worked,TOT,Total,IDX2015,2015=100,A,Annual,2021,,107.698387,,A,,,,,,,
DATAFLOW,OECD:DF_DP_LIVE(1.0),OECD Data Archive,I,FRA,France,GDPHRWKD,GDP per hour worked,TOT,Total,IDX2015,2015=100,A,Annual,2021,,101.711063,,A,,,,,,,
DATAFLOW,OECD:DF_DP_LIVE(1.0),OECD Data Archive,I,NOR,Norway,GDPHRWKD,GDP per hour worked,TOT,Total,IDX2015,2015=100,A,Annual,2009,,96.664018,,A,,,,,,,
DATAFLOW,OECD:DF_DP_LIVE(1.0),OECD Data Archive,I,DEU,Germany,GDPHRWKD,GDP per hour worked,TOT,Total,IDX2015,2015=100,A,Annual,2009,,92.797837,,A,,,,,,,
DATAFLOW,OECD:DF_DP_LIVE(1.0),OECD Data Archive,I,PRT,Portugal,GDPHRWKD,GDP per hour worked,TOT,Total,IDX2015,2015=100,A,Annual,2009,,94.320209,,A,,,,,,,
DATAFLOW,OECD:DF_DP_LIVE(1.0),OECD Data Archive,I,NLD,Netherlands,GDPHRWKD,GDP per hour worked,TOT,Total,IDX2015,2015=100,A,Annual,2009,,95.116484,,A,,,,,,,
DATAFLOW,OECD:DF_DP_LIVE(1.0),OECD Data Archive,I,EU27_2020,European Union – 27 countries (from 01/02/2020),GDPHRWKD,GDP per hour worked,TOT,Total,IDX2015,2015=100,A,Annual,2015,,100,,A,,,,,,,
DATAFLOW,OECD:DF_DP_LIVE(1.0),OECD Data Archive,I,EA19,Euro area (19 countries),GDPHRWKD,GDP per hour worked,TOT,Total,IDX2015,2015=100,A,Annual,2015,,100,,A,,,,,,,
DATAFLOW,OECD:DF_DP_LIVE(1.0),OECD Data Archive,I,USA,United States,GDPHRWKD,GDP per hour worked,TOT,Total,IDX2015,2015=100,A,Annual,2015,,100,,A,,,,,,,
DATAFLOW,OECD:DF_DP_LIVE(1.0),OECD Data Archive,I,PRT,Portugal,GDPHRWKD,GDP per hour worked,TOT,Total,IDX2015,2015=100,A,Annual,2015,,100,,A,,,,,,,
DATAFLOW,OECD:DF_DP_LIVE(1.0),OECD Data Archive,I,ITA,Italy,GDPHRWKD,GDP per hour worked,TOT,Total,IDX2015,2015=100,A,Annual,2015,,100,,A,,,,,,,
DATAFLOW,OECD:DF_DP_LIVE(1.0),OECD Data Archive,I,OECD,OECD - Total,GDPHRWKD,GDP per hour worked,TOT,Total,IDX2015,2015=100,A,Annual,2011,,96.508816,,A,,,,,,,
DATAFLOW,OECD:DF_DP_LIVE(1.0),OECD Data Archive,I,GBR,United Kingdom,GDPHRWKD,GDP per hour worked,TOT,Total,IDX2015,2015=100,A,Annual,2011,,98.337771,,A,,,,,,,
DATAFLOW,OECD:DF_DP_LIVE(1.0),OECD Data Archive,I,SWE,Sweden,GDPHRWKD,GDP per hour worked,TOT,Total,IDX2015,2015=100,A,Annual,2011,,95.817586,,A,,,,,,,
DATAFLOW,OECD:DF_DP_LIVE(1.0),OECD Data Archive,I,FRA,France,GDPHRWKD,GDP per hour worked,TOT,Total,IDX2015,2015=100,A,Annual,2011,,96.621402,,A,,,,,,,
DATAFLOW,OECD:DF_DP_LIVE(1.0),OECD Data Archive,I,NOR,Norway,GDPHRWKD,GDP per hour worked,TOT,Total,IDX2015,2015=100,A,Annual,2011,,96.512861,,A,,,,,,,
DATAFLOW,OECD:DF_DP_LIVE(1.0),OECD Data Archive,I,DEU,Germany,GDPHRWKD,GDP per hour worked,TOT,Total,IDX2015,2015=100,A,Annual,2011,,97.40629,,A,,,,,,,
DATAFLOW,OECD:DF_DP_LIVE(1.0),OECD Data Archive,I,PRT,Portugal,GDPHRWKD,GDP per hour worked,TOT,Total,IDX2015,2015=100,A,Annual,2011,,98.642516,,A,,,,,,,
DATAFLOW,OECD:DF_DP_LIVE(1.0),OECD Data Archive,I,OECD,OECD - Total,GDPHRWKD,GDP per hour worked,TOT,Total,IDX2015,2015=100,A,Annual,2019,,104.091721,,A,,,,,,,
DATAFLOW,OECD:DF_DP_LIVE(1.0),OECD Data Archive,I,GBR,United Kingdom,GDPHRWKD,GDP per hour worked,TOT,Total,IDX2015,2015=100,A,Annual,2019,,102.076228,,A,,,,,,,
DATAFLOW,OECD:DF_DP_LIVE(1.0),OECD Data Archive,I,SWE,Sweden,GDPHRWKD,GDP per hour worked,TOT,Total,IDX2015,2015=100,A,Annual,2019,,102.934086,,A,,,,,,,
DATAFLOW,OECD:DF_DP_LIVE(1.0),OECD Data Archive,I,FRA,France,GDPHRWKD,GDP per hour worked,TOT,Total,IDX2015,2015=100,A,Annual,2019,,103.215736,,A,,,,,,,
DATAFLOW,OECD:DF_DP_LIVE(1.0),OECD Data Archive,I,NOR,Norway,GDPHRWKD,GDP per hour worked,TOT,Total,IDX2015,2015=100,A,Annual,2019,,101.566262,,A,,,,,,,
DATAFLOW,OECD:DF_DP_LIVE(1.0),OECD Data Archive,I,DEU,Germany,GDPHRWKD,GDP per hour worked,TOT,Total,IDX2015,2015=100,A,Annual,2019,,104.113236,,A,,,,,,,
DATAFLOW,OECD:DF_DP_LIVE(1.0),OECD Data Archive,I,NOR,Norway,GDPHRWKD,GDP per hour worked,TOT,Total,IDX2015,2015=100,A,Annual,2017,,102.753489,,A,,,,,,,
DATAFLOW,OECD:DF_DP_LIVE(1.0),OECD Data Archive,I,DEU,Germany,GDPHRWKD,GDP per hour worked,TOT,Total,IDX2015,2015=100,A,Annual,2017,,103.162111,,A,,,,,,,
DATAFLOW,OECD:DF_DP_LIVE(1.0),OECD Data Archive,I,POL,Poland,GDPHRWKD,GDP per hour worked,TOT,Total,IDX2015,2015=100,A,Annual,2017,,106.982369,,A,,,,,,,
DATAFLOW,OECD:DF_DP_LIVE(1.0),OECD Data Archive,I,NLD,Netherlands,GDPHRWKD,GDP per hour worked,TOT,Total,IDX2015,2015=100,A,Annual,2017,,100.387115,,A,,,,,,,
DATAFLOW,OECD:DF_DP_LIVE(1.0),OECD Data Archive,I,ROU,Romania,GDPHRWKD,GDP per hour worked,TOT,Total,IDX2015,2015=100,A,Annual,2017,,109.920258,,A,,,,,,,
DATAFLOW,OECD:DF_DP_LIVE(1.0),OECD Data Archive,I,USA,United States,GDPHRWKD,GDP per hour worked,TOT,Total,IDX2015,2015=100,A,Annual,2017,,101.201253,,A,,,,,,,
DATAFLOW,OECD:DF_DP_LIVE(1.0),OECD Data Archive,I,OECD,OECD - Total,GDPHRWKD,GDP per hour worked,TOT,Total,IDX2015,2015=100,A,Annual,2018,,102.968512,,A,,,,,,,
DATAFLOW,OECD:DF_DP_LIVE(1.0),OECD Data Archive,I,GBR,United Kingdom,GDPHRWKD,GDP per hour worked,TOT,Total,IDX2015,2015=100,A,Annual,2018,,101.573367,,A,,,,,,,
DATAFLOW,OECD:DF_DP_LIVE(1.0),OECD Data Archive,I,ROU,Romania,GDPHRWKD,GDP per hour worked,TOT,Total,IDX2015,2015=100,A,Annual,2018,,116.367559,,A,,,,,,,
DATAFLOW,OECD:DF_DP_LIVE(1.0),OECD Data Archive,I,USA,United States,GDPHRWKD,GDP per hour worked,TOT,Total,IDX2015,2015=100,A,Annual,2018,,102.3422,,A,,,,,,,
DATAFLOW,OECD:DF_DP_LIVE(1.0),OECD Data Archive,I,NOR,Norway,GDPHRWKD,GDP per hour worked,TOT,Total,IDX2015,2015=100,A,Annual,2018,,101.958227,,A,,,,,,,
DATAFLOW,OECD:DF_DP_LIVE(1.0),OECD Data Archive,I,DEU,Germany,GDPHRWKD,GDP per hour worked,TOT,Total,IDX2015,2015=100,A,Annual,2018,,103.375684,,A,,,,,,,
DATAFLOW,OECD:DF_DP_LIVE(1.0),OECD Data Archive,I,ESP,Spain,GDPHRWKD,GDP per hour worked,TOT,Total,IDX2015,2015=100,A,Annual,2013,,98.90578,,A,,,,,,,
DATAFLOW,OECD:DF_DP_LIVE(1.0),OECD Data Archive,I,EU27_2020,European Union – 27 countries (from 01/02/2020),GDPHRWKD,GDP per hour worked,TOT,Total,IDX2015,2015=100,A,Annual,2013,,97.940434,,A,,,,,,,
DATAFLOW,OECD:DF_DP_LIVE(1.0),OECD Data Archive,I,EA19,Euro area (19 countries),GDPHRWKD,GDP per hour worked,TOT,Total,IDX2015,2015=100,A,Annual,2013,,98.190857,,A,,,,,,,
DATAFLOW,OECD:DF_DP_LIVE(1.0),OECD Data Archive,I,USA,United States,GDPHRWKD,GDP per hour worked,TOT,Total,IDX2015,2015=100,A,Annual,2013,,99.073648,,A,,,,,,,
DATAFLOW,OECD:DF_DP_LIVE(1.0),OECD Data Archive,I,ITA,Italy,GDPHRWKD,GDP per hour worked,TOT,Total,IDX2015,2015=100,A,Annual,2013,,99.86123,,A,,,,,,,
DATAFLOW,OECD:DF_DP_LIVE(1.0),OECD Data Archive,I,OECD,OECD - Total,GDPHRWKD,GDP per hour worked,TOT,Total,IDX2015,2015=100,A,Annual,2013,,98.126909,,A,,,,,,,
DATAFLOW,OECD:DF_DP_LIVE(1.0),OECD Data Archive,I,GBR,United Kingdom,GDPHRWKD,GDP per hour worked,TOT,Total,IDX2015,2015=100,A,Annual,2013,,98.181436,,A,,,,,,,
DATAFLOW,OECD:DF_DP_LIVE(1.0),OECD Data Archive,I,SWE,Sweden,GDPHRWKD,GDP per hour worked,TOT,Total,IDX2015,2015=100,A,Annual,2013,,96.122048,,A,,,,,,,
DATAFLOW,OECD:DF_DP_LIVE(1.0),OECD Data Archive,I,FRA,France,GDPHRWKD,GDP per hour worked,TOT,Total,IDX2015,2015=100,A,Annual,2013,,98.249867,,A,,,,,,,
